Date,HPAI,GT,GT_1st_Order,GT_2nd_Order,Reddit,Facebook,CO,UV,Min_Temperature
2021-11-04,1,0.013,-0.041611218,0.004623469,0,1,0.04611555,2.137100935,-15.3
2021-11-05,0,0.013,-0.034676015,0.011558672,0,1,0.046409117,2.137982845,-17.7
2021-11-06,0,0.013,-0.020805609,0.011558672,0,1,0.046450691,2.020438194,-17.8
2021-11-07,0,0.013,0,1.02E-16,0,1,0.045076454,2.412946463,-19.1
2021-11-08,0,0.013,0,1.02E-16,0,1,0.04294974,2.39240694,-23
2021-11-09,0,0.013,0,1.02E-16,0,1,0.042744759,2.343999386,-23.5
2021-11-10,0,0.013,0,1.02E-16,0,1,0.043840239,2.456746101,-20.2
2021-11-11,0,0.013,0,1.02E-16,0,1,0.045435628,1.824487278,-20.2
2021-11-12,0,0.013,0,1.02E-16,0,1,0.044956265,1.888918281,-18
2021-11-13,0,0.013,0,1.02E-16,0,1,0.0491594,2.408028841,-17.8
2021-11-14,0,0.013,0,1.02E-16,0,1,0.046459941,3.122350693,-21.1
2021-11-15,0,0.013,0,1.02E-16,0,1,0.040679257,2.19195199,-24.7
2021-11-16,0,0.013,0,1.02E-16,0,1,0.040522873,3.704494476,-13.2
2021-11-17,0,0.013,0,1.02E-16,0,1,0.045030226,2.105221987,-17.5
2021-11-18,0,0.013,0,1.02E-16,0,1,0.056644588,1.974438548,-20.9
2021-11-19,0,0.013,0,1.02E-16,0,1,0.046852426,2.8753438,-17.9
2021-11-20,0,0.013,0,1.02E-16,0,1,0.045252307,2.337923288,-15.4
2021-11-21,0,0.013,0,1.02E-16,0,1,0.049409671,2.633742094,-19.2
2021-11-22,0,0.013,0,1.02E-16,0,1,0.042393682,2.063888788,-16.7
2021-11-23,0,0.013,0,1.02E-16,0,1,0.041482337,2.607150793,-13.1
2021-11-24,0,0.013,0,1.02E-16,0,1,0.059920668,2.109246016,-17.6
2021-11-25,0,0.013,0,1.02E-16,0,1,0.040635454,4.380887985,-17.8
2021-11-26,1,0.013,0,1.02E-16,0,1,0.040461639,3.618744612,-12
2021-11-27,0,0.013,0,1.02E-16,0,1,0.041201992,4.130955219,-8.8
2021-11-28,0,56.003,5.998928571,3.332738095,0,1,0.045609334,2.770419359,-9.4
2021-11-29,0,0.013,3.999285714,-2.22E-16,0,1,0.05256675,2.706587791,-15.8
2021-11-30,0,0.013,1.999642857,-1.999642852,0,1,0.041278128,3.203713417,-17.3
2021-12-01,0,5.912,0.632035714,-2.315059524,0,1,0.044904368,2.303536177,-18.8
2021-12-02,0,0.013,-1.578285714,-1.999642857,0,1,0.047498246,2.649686813,-21.4
2021-12-03,0,0.013,-3.788607143,-0.210678571,0,1,0.037293278,3.992434263,-19.5
2021-12-04,0,0.013,-5.998928571,3.051833333,0,1,0.048324561,2.970741749,-19.9
2021-12-05,0,0.013,-0.210678571,-0.210678571,0,1,0.050102534,2.086498737,-21.4
2021-12-06,0,0.013,-0.421357143,3.33E-16,0,1,0.048465906,1.766998887,-22.6
2021-12-07,0,0.013,-0.632035714,0.351130952,1,1,0.046845222,3.621720552,-23.6
2021-12-08,0,0.013,0,1.02E-16,0,1,0.047428241,2.4744277,-27.3
2021-12-09,0,0.013,0,1.02E-16,0,1,0.042398458,2.675827106,-29.6
2021-12-10,0,0.013,0,1.02E-16,0,1,0.053398675,1.817070365,-29.4
2021-12-11,0,0.013,0,1.02E-16,0,1,0.04966148,2.926863909,-25.3
2021-12-12,1,0.013,0,1.02E-16,0,1,0.038563488,5.743449211,-22.5
2021-12-13,0,0.013,0,1.02E-16,0,1,0.046277115,2.535324574,-18.1
2021-12-14,0,0.013,0,1.02E-16,0,1,0.046348835,3.04995656,-18.4
2021-12-15,0,0.013,0,1.02E-16,0,1,0.052453815,2.080146551,-20.7
2021-12-16,0,0.013,0,1.02E-16,0,1,0.045010043,2.254043341,-24.3
2021-12-17,0,0.013,0,1.02E-16,0,1,0.043145288,4.897614002,-18.1
2021-12-18,0,0.013,0,1.02E-16,1,1,0.04248572,2.580474854,-19.3
2021-12-19,0,0.013,0,1.02E-16,2,1,0.047345916,2.323521376,-24.3
2021-12-20,0,0.013,0,1.02E-16,1,1,0.044608975,2.207037926,-26.6
2021-12-21,0,0.013,0,1.02E-16,0,1,0.04796445,2.312286854,-30
2021-12-22,0,0.013,0,1.02E-16,0,1,0.046885142,1.874167204,-29.4
2021-12-23,0,41.003,4.391785714,2.439880952,1,1,0.043524085,2.53613472,-27.4
2021-12-24,2,0.013,2.927857143,0,0,1,0.045961702,2.674420834,-22.8
2021-12-25,0,0.013,1.463928571,-1.463928571,2,1,0.048450543,2.964715719,-18.7
2021-12-26,0,0.013,2.22E-16,-1.951904762,0,1,0.042730456,2.521010637,-18
2021-12-27,0,0.013,-1.463928571,-1.463928571,0,1,0.043363863,3.981520891,-18.8
2021-12-28,0,0.013,-2.927857143,1.22E-15,0,1,0.045350736,2.732837439,-19.5
2021-12-29,1,0.013,-4.391785694,2.439880976,0,1,0.042871916,1.938219547,-22.7
2021-12-30,0,0.013,0,1.02E-16,0,1,0.043293973,1.809635977,-20.6
2021-12-31,0,100.003,10.71321429,5.951785714,0,1,0.046616764,2.617825031,-24.4
2022-01-01,0,67.003,14.31964286,3.9875,0,1,0.046595997,2.584430695,-22.9
2022-01-02,0,0.013,8.356071429,-3.571071429,0,1,0.04502349,1.913602352,-33.9
2022-01-03,0,0.013,2.3925,-7.153928571,0,1,0.044735916,1.667421103,-35.7
2022-01-04,0,0.013,-3.571071158,-6.761071429,0,1,0.048268712,1.699650168,-36.1
2022-01-05,0,0.013,-9.534642857,-2.3925,0,1,0.047527514,2.095732689,-33.9
2022-01-06,0,0.013,-15.49821428,5.951785714,0,1,0.045438047,2.265943289,-31.9
2022-01-07,1,4.812,-6.663321429,4.273154762,1,1,0.053435786,2.16189599,-36
2022-01-08,0,0.013,0.342785714,4.44E-16,3,1,0.048155195,3.659227371,-37.3
2022-01-09,0,0.013,0.171392857,-0.171392858,0,1,0.047762197,2.422150612,-37.3
2022-01-10,0,0.013,0,-0.22852381,0,1,0.044459076,2.237342596,-28.8
2022-01-11,0,0.013,-0.171392857,-0.171392857,0,1,0.046424691,1.969191313,-34.4
2022-01-12,1,0.013,-0.342785714,8.88E-16,1,1,0.045271799,1.950751066,-38
2022-01-13,0,0.013,-0.514178571,0.285654762,0,1,0.063143591,1.598942995,-40.3
2022-01-14,1,0.013,0,1.02E-16,0,1,0.043206321,3.084269285,-39.6
2022-01-15,0,0.013,0,1.02E-16,1,1,0.041279273,1.789288878,-38.3
2022-01-16,0,0.013,0,1.02E-16,0,1,0.04592533,2.093197823,-36.7
2022-01-17,0,0.013,0,1.02E-16,1,1,0.047130695,1.862918496,-29.5
2022-01-18,1,0.013,0,1.02E-16,0,1,0.039933912,1.836356282,-29.6
2022-01-19,0,0.013,0,1.02E-16,0,1,0.0390236,2.347956732,-37.1
2022-01-20,0,0.013,0,1.02E-16,2,1,0.042885861,2.430628538,-38.5
2022-01-21,0,0.013,0,1.02E-16,0,1,0.045514917,2.26837635,-40.3
2022-01-22,1,0.013,0,1.02E-16,0,1,0.04782472,1.79949975,-37.9
2022-01-23,0,0.013,0,1.02E-16,0,1,0.045260893,1.921819091,-25.8
2022-01-24,0,0.013,0,1.02E-16,0,1,0.045746265,1.822607086,-36.8
2022-01-25,0,0.013,0,1.02E-16,0,1,0.074773665,1.527309418,-35.4
2022-01-26,9,0.013,0,1.02E-16,0,1,0.045688423,1.704986095,-39.9
2022-01-27,5,0.013,0,1.02E-16,0,1,0.049073754,1.908798337,-38.9
2022-01-28,0,0.013,0,1.02E-16,0,1,0.046916933,2.046037197,-38.4
2022-01-29,0,0.013,0,1.02E-16,11,1,0.047843688,1.872875214,-38.2
2022-01-30,0,0.013,0,1.02E-16,0,1,0.043437933,3.186940908,-33
2022-01-31,3,0.013,0,1.02E-16,0,1,0.045213163,1.535614371,-33.9
2022-02-01,1,10.012,1.071321429,0.595178571,6,1,0.045063925,1.588851929,-37.5
2022-02-02,2,6.812,1.442678571,0.404702381,6,1,0.048259961,3.840298891,-28.3
2022-02-03,0,4.512,1.324785714,-0.089309524,0,1,0.041660463,1.629547238,-37.6
2022-02-04,1,0.013,0.564178571,-0.718964286,2,1,0.061652223,1.930112362,-37
2022-02-05,0,7.112,0.564178571,-0.418988095,0,1,0.041856829,1.8840307,-40
2022-02-06,0,0.013,-0.449964286,-0.457059524,2,1,0.046924246,1.911043882,-42.9
2022-02-07,1,0.013,-1.464107143,0.180964286,1,1,0.047664998,1.407342792,-41.5
2022-02-08,3,0.013,-1.049821429,0.066654762,0,1,0.048841806,1.677113771,-35.9
2022-02-09,1,0.013,-0.735571429,0.014261905,0,1,0.048555949,2.060989857,-27.7
2022-02-10,2,0.013,-0.507071429,8.88E-16,0,1,0.045976533,1.864605546,-21.8
2022-02-11,1,0.013,-0.760607143,0.422559524,1,1,0.048040328,2.011010647,-32.2
2022-02-12,3,0.013,0,1.02E-16,0,1,0.049517838,1.704344273,-36.5
2022-02-13,1,0.013,0,1.02E-16,0,1,0.050017873,1.736060381,-39
2022-02-14,0,0.013,0,1.02E-16,1,1,0.042937805,1.73786521,-38.9
2022-02-15,2,0.013,0,1.02E-16,0,1,0.04250224,1.963007569,-39.5
2022-02-16,2,0.013,0,1.02E-16,1,1,0.05986111,1.398628473,-40.1
2022-02-17,0,0.013,0,1.02E-16,1,1,0.046250766,1.823479295,-34.3
2022-02-18,3,0.013,0,1.02E-16,1,1,0.041509172,1.548942089,-34.9
2022-02-19,0,0.013,0,1.02E-16,0,1,0.046228988,1.59840828,-39.5
2022-02-20,0,0.013,0,1.02E-16,0,1,0.043672293,1.570455074,-33.8
2022-02-21,1,0.013,0,1.02E-16,0,1,0.044461481,1.636790514,-34.2
2022-02-22,2,0.013,0,1.02E-16,0,1,0.048934442,1.383868575,-38.2
2022-02-23,4,0.013,0,1.02E-16,0,1,0.049497477,1.663241982,-38.8
2022-02-24,1,0.013,0,1.02E-16,0,1,0.046167722,1.450921297,-40.5
2022-02-25,1,0.013,0,1.02E-16,4,1,0.045109065,1.751863122,-40.5
2022-02-26,1,0.013,0,1.02E-16,0,1,0.046192739,2.051789284,-37.5
2022-02-27,0,0.013,0,1.02E-16,0,1,0.041806141,1.356553793,-34.2
2022-02-28,0,0.013,0,1.02E-16,0,1,0.045684373,1.544772506,-34
2022-03-01,1,0.013,0,1.02E-16,0,1,0.057199701,1.575325727,-35.6
2022-03-02,2,0.013,0,1.02E-16,0,1,0.170979148,1.314279318,-34.6
2022-03-03,1,0.013,0,1.02E-16,1,1,0.04475832,1.339164853,-36.1
2022-03-04,0,0.013,0,1.02E-16,0,1,0.05438081,1.5501858,-37
2022-03-05,1,0.013,0,1.02E-16,1,1,0.051985724,1.762811661,-36.7
2022-03-06,0,0.013,0,1.02E-16,2,1,0.04951375,1.180466413,-33.3
2022-03-07,0,0.013,0,1.02E-16,0,1,0.051375108,1.313269377,-26.2
2022-03-08,2,0.013,0,1.02E-16,1,1,0.045420361,1.243006825,-25.1
2022-03-09,4,0.013,0,1.02E-16,0,1,0.047367379,1.699179053,-28.2
2022-03-10,0,0.013,0,1.02E-16,1,1,0.047187639,1.854252391,-28.5
2022-03-11,4,0.013,0,1.02E-16,1,1,0.050533896,1.243077278,-30.2
2022-03-12,1,0.013,0,1.02E-16,0,1,0.045307193,1.443544984,-32.2
2022-03-13,1,0.013,0,1.02E-16,0,1,0.041331401,1.580659791,-32
2022-03-14,4,0.013,0,1.02E-16,0,1,0.047078805,1.800007463,-33.3
2022-03-15,1,0.013,0,1.02E-16,1,1,0.049556887,2.076555252,-34.9
2022-03-16,1,4.412,0.471321429,0.261845238,0,1,0.048874809,1.510427833,-32.5
2022-03-17,2,0.013,0.314214286,4.44E-16,0,1,0.047431646,1.290332437,-26.5
2022-03-18,2,0.013,0.157107143,-0.157107143,1,1,0.046524899,1.664149165,-27.6
2022-03-19,0,0.013,0,-0.20947619,2,1,0.052734144,1.064459443,-27.2
2022-03-20,1,0.013,-0.157107143,-0.157107143,0,1,0.048145624,1.433296707,-23
2022-03-21,5,0.013,-0.314214286,5.55E-16,1,1,0.042349172,1.123308659,-15.1
2022-03-22,2,0.013,-0.471321429,0.261845238,1,1,0.044999525,1.395565152,-15
2022-03-23,2,0.013,0,1.02E-16,0,1,0.047960208,1.500899553,-19.6
2022-03-24,0,0.013,0,1.02E-16,1,1,0.046962748,1.389047265,-18
2022-03-25,1,0.013,0,1.02E-16,0,1,0.043393947,1.871387601,-14.5
2022-03-26,0,0.013,0,1.02E-16,0,1,0.044101498,1.496903777,-12.9
2022-03-27,0,0.013,0,1.02E-16,0,1,0.041382578,1.764235258,-11.9
2022-03-28,1,4.912,0.524892857,0.291607143,0,1,0.046701593,1.924346447,-11.8
2022-03-29,0,0.013,0.349928571,4.44E-16,0,1,0.04221821,1.694877028,-15.7
2022-03-30,0,0.013,0.174964286,-0.174964286,0,1,0.043679649,1.959742665,-12.1
2022-03-31,0,0.013,0,-0.233285714,0,1,0.047716282,2.068907022,-11.4
2022-04-01,2,0.013,-0.174964286,-0.174964286,0,1,0.046520246,1.430324793,-11.9
2022-04-02,0,0.013,-0.349928571,5.55E-16,1,1,0.040745256,1.509248495,-9.5
2022-04-03,3,0.013,-0.524892857,0.291607143,0,1,0.041348165,1.690992117,-14.4
2022-04-04,0,0.013,0,1.02E-16,0,1,0.041080662,1.555739045,-14.9
2022-04-05,0,0.013,0,1.02E-16,0,1,0.045395178,1.957663536,-14.4
2022-04-06,2,3.912,0.41775,0.23208333,0,1,0.046448484,1.784672618,-13
2022-04-07,1,0.013,0.2785,0,0,1,0.047946031,1.440055728,-14.6
2022-04-08,2,0.013,0.13925,-0.13925,0,1,0.05007078,1.384072661,-16.9
2022-04-09,0,0.013,0,-0.185666667,0,1,0.044378834,2.045536995,-13.2
2022-04-10,0,0.013,-0.13925,-0.13925,0,1,0.044573369,1.43422091,-13.6
2022-04-11,4,0.013,-0.2785,7.77E-16,0,1,0.043543722,1.940131664,-10
2022-04-12,1,0.013,-0.41775,0.232083335,0,1,0.042645046,1.897402763,-11.4
2022-04-13,0,0.013,0,1.02E-16,0,1,0.051411948,1.728380561,-11.7
2022-04-14,0,0.013,0,1.02E-16,0,1,0.044418899,1.756449342,-16.7
2022-04-15,0,0.013,0,1.02E-16,0,1,0.050616442,1.615128398,-17.4
2022-04-16,0,0.013,0,1.02E-16,0,1,0.044074645,1.832537651,-15.1
2022-04-17,0,0.013,0,1.02E-16,0,1,0.043354793,1.57661128,-17.3
2022-04-18,0,0.013,0,1.02E-16,0,1,0.045155255,1.366626501,-23
2022-04-19,2,0.013,0,1.02E-16,0,1,0.044946523,2.231846333,-24.2
2022-04-20,1,0.013,0,1.02E-16,0,1,0.043638965,2.177100897,-12.7
2022-04-21,1,0.013,0,1.02E-16,0,1,0.047179595,2.584872723,-17.1
2022-04-22,2,0.013,0,1.02E-16,0,1,0.043240287,1.419751883,-16.7
2022-04-23,1,0.013,0,1.02E-16,0,1,0.053185714,1.120312333,-12.3
2022-04-24,1,0.013,0,1.02E-16,0,1,0.048685009,1.202987432,-15.1
2022-04-25,1,0.013,0,1.02E-16,0,1,0.046944447,2.0112012,-10.8
2022-04-26,0,0.013,0,1.02E-16,0,1,0.043893552,1.723796248,-13.4
2022-04-27,0,0.013,0,1.02E-16,0,1,0.043783693,1.798217416,-20.4
2022-04-28,1,0.013,0,1.02E-16,0,1,0.043212328,1.554137468,-20.5
2022-04-29,0,0.013,0,1.02E-16,0,1,0.043392191,1.123890996,-22.5
2022-04-30,1,0.013,0,1.02E-16,1,1,0.043037374,1.86785388,-17
2022-05-01,0,0.874329598,0.092285314,0.051269619,0,1,0.046002349,1.452895403,-12.8
2022-05-02,1,0.874329598,0.153808857,0.051269619,1,1,0.047541732,1.981500881,-11.6
2022-05-03,3,0.874329598,0.184570628,0.020507848,1,1,0.051575406,1.894546628,-11
2022-05-04,0,0.874329598,0.184570628,-0.020507848,5,1,0.046921501,1.693327785,-12.3
2022-05-05,0,0.874329598,0.153808857,-0.051269619,0,1,0.044396721,2.102079687,-14.3
2022-05-06,0,0.874329598,0.092285314,-0.051269619,0,1,0.045466254,1.880061388,-16.2
2022-05-07,1,0.874329598,5.17E-33,4.44E-16,0,1,0.047558168,2.42689395,-16.1
2022-05-08,0,0.874329598,5.17E-33,4.44E-16,0,1,0.046690928,2.127769947,-16.8
2022-05-09,2,0.874329598,5.17E-33,4.44E-16,1,1,0.048070996,2.139247656,-10.6
2022-05-10,1,0.874329598,5.17E-33,4.44E-16,0,1,0.082663603,2.122952223,-4.4
2022-05-11,5,0.874329598,5.17E-33,4.44E-16,0,1,0.043053994,2.251537085,-4.7
2022-05-12,0,0.874329598,5.17E-33,4.44E-16,0,1,0.047093812,2.362699747,-10.2
2022-05-13,0,0.874329598,5.17E-33,4.44E-16,0,1,0.044947496,2.081710577,-9.2
2022-05-14,1,0.874329598,5.17E-33,4.44E-16,0,1,0.044235342,1.725709319,-8.7
2022-05-15,0,0.874329598,5.17E-33,4.44E-16,1,1,0.045949001,1.803962827,-12.5
2022-05-16,1,0.874329598,5.17E-33,4.44E-16,0,1,0.044385744,3.324626446,-9.3
2022-05-17,1,0.874329598,5.17E-33,4.44E-16,1,1,0.046056878,1.840453029,-6.9
2022-05-18,1,0.874329598,5.17E-33,4.44E-16,0,1,0.04058202,2.117527962,-6.4
2022-05-19,1,0.874329598,5.17E-33,4.44E-16,0,1,0.041180486,1.494863033,-6.8
2022-05-20,2,0.874329598,5.17E-33,4.44E-16,0,1,0.042578515,1.961817384,-8.1
2022-05-21,0,0.874329598,5.17E-33,4.44E-16,0,1,0.055148028,2.473441362,-4.6
2022-05-22,4,0.874329598,5.17E-33,4.44E-16,1,1,0.048070186,1.995285098,-7.3
2022-05-23,0,0.874329598,5.17E-33,4.44E-16,0,1,0.04713518,1.635354011,-10.9
2022-05-24,2,0.874329598,5.17E-33,4.44E-16,0,1,0.043066615,1.841335297,-11.6
2022-05-25,2,0.874329598,5.17E-33,4.44E-16,0,1,0.043715637,1.818530679,-10.6
2022-05-26,1,0.874329598,5.17E-33,4.44E-16,0,1,0.044322867,1.750030875,-11.5
2022-05-27,6,0.874329598,5.17E-33,4.44E-16,0,1,0.04143325,1.682969928,-12.2
2022-05-28,0,0.874329598,5.17E-33,4.44E-16,0,1,0.040798063,1.79543066,-9.1
2022-05-29,9,0.874329598,5.17E-33,4.44E-16,0,1,0.049515487,2.189777136,-7.6
2022-05-30,5,0.874329598,5.17E-33,4.44E-16,0,1,0.041413364,1.56022954,-8.7
2022-05-31,7,0.874329598,5.17E-33,4.44E-16,0,1,0.041441438,1.307958245,-6.2
2022-06-01,4,0.874329598,5.17E-33,4.44E-16,0,1,0.039239312,1.999410987,-7.7
2022-06-02,1,0.874329598,5.17E-33,4.44E-16,0,1,0.041512454,2.258185148,-7.4
2022-06-03,0,0.874329598,5.17E-33,4.44E-16,0,1,0.041194984,1.993663073,-7.4
2022-06-04,0,0.874329598,5.17E-33,4.44E-16,0,1,0.039712347,1.429375052,-6.9
2022-06-05,4,0.874329598,5.17E-33,4.44E-16,0,1,0.040306946,1.917988658,-4.6
2022-06-06,2,0.874329598,5.17E-33,4.44E-16,0,1,0.042568716,2.574303389,-3.9
2022-06-07,1,0.874329598,5.17E-33,4.44E-16,0,1,0.042656142,2.324469566,-6.6
2022-06-08,12,93.8643296,9.963214286,5.535119048,0,1,0.047296318,2.492143154,-2.5
2022-06-09,1,0.874329598,6.642142857,-2.22E-16,0,1,0.145033337,2.15696311,-0.5
2022-06-10,1,0.874329598,3.321071429,-3.321071429,0,1,0.051928822,0.974985063,-0.4
2022-06-11,2,0.874329598,2.22E-16,-4.428095238,0,1,0.044398909,1.708754659,-2.8
2022-06-12,0,0.874329598,-3.321071429,-3.321071429,0,1,0.04184532,2.408145513,-4.9
2022-06-13,3,0.874329598,-6.642142857,1.22E-15,0,1,0.042209965,2.790862322,-6.6
2022-06-14,2,0.874329598,-9.963214306,5.535119048,0,1,0.050688499,2.385333538,-4.9
2022-06-15,2,0.874329598,5.17E-33,4.44E-16,0,1,0.042123964,2.186192513,-3
2022-06-16,0,0.874329598,5.17E-33,4.44E-16,0,1,0.106932413,3.586544037,0.9
2022-06-17,1,0.874329598,5.17E-33,4.44E-16,0,1,0.041677585,1.478426337,-4.2
2022-06-18,0,0.874329598,5.17E-33,4.44E-16,0,1,0.040041996,2.376631498,-4.8
2022-06-19,1,0.874329598,5.17E-33,4.44E-16,0,1,0.041941518,1.787909269,-4
2022-06-20,0,0.874329598,5.17E-33,4.44E-16,0,1,0.036620861,1.327602386,-6.6
2022-06-21,0,0.874329598,5.17E-33,4.44E-16,0,1,0.039574588,2.096123457,-3.2
2022-06-22,1,0.874329598,5.17E-33,4.44E-16,0,1,0.048477151,2.061823368,0.3
2022-06-23,0,0.874329598,5.17E-33,4.44E-16,0,1,0.041843359,4.566963673,1.8
2022-06-24,1,0.874329598,5.17E-33,4.44E-16,0,1,0.045981793,2.111817837,2.5
2022-06-25,0,0.874329598,5.17E-33,4.44E-16,0,1,0.03828332,1.612566352,-1
2022-06-26,0,0.874329598,5.17E-33,4.44E-16,0,1,0.041986795,1.198088288,-0.6
2022-06-27,0,0.874329598,5.17E-33,4.44E-16,0,1,0.042729359,1.694424987,-1.7
2022-06-28,2,0.874329598,5.17E-33,4.44E-16,0,1,0.038053228,2.156284094,-3.4
2022-06-29,1,0.874329598,5.17E-33,4.44E-16,0,1,0.04181665,2.228293657,-2.7
2022-06-30,0,0.874329598,5.17E-33,4.44E-16,0,1,0.043143217,2.130269527,0.4
2022-07-01,1,0.874329598,5.17E-33,4.44E-16,0,1,0.043370973,1.21100235,-1.5
2022-07-02,0,0.874329598,5.17E-33,4.44E-16,0,1,0.040057797,1.819850087,1.6
2022-07-03,5,0.874329598,5.17E-33,4.44E-16,0,1,0.042648042,2.109584093,0.9
2022-07-04,2,0.874329598,5.17E-33,4.44E-16,0,1,0.040521592,4.312797546,-2.6
2022-07-05,2,0.874329598,5.17E-33,4.44E-16,0,1,0.040727152,2.023830652,-2.1
2022-07-06,3,0.874329598,5.17E-33,4.44E-16,0,1,0.041366341,1.252002716,-0.5
2022-07-07,0,0.874329598,5.17E-33,4.44E-16,0,1,0.04283168,0.889039338,-0.8
2022-07-08,14,0.874329598,5.17E-33,4.44E-16,0,1,0.04773423,2.356071472,1
2022-07-09,1,0.874329598,5.17E-33,4.44E-16,0,1,0.040919228,2.394151211,1.8
2022-07-10,0,0.874329598,5.17E-33,4.44E-16,0,1,0.0473635,2.092375994,1.8
2022-07-11,0,0.874329598,5.17E-33,4.44E-16,0,1,0.042940908,1.067074299,1.9
2022-07-12,0,0.874329598,5.17E-33,4.44E-16,0,1,0.043234141,0.937717319,0.9
2022-07-13,2,0.874329598,5.17E-33,4.44E-16,0,1,0.054359289,1.918812394,1.7
2022-07-14,4,0.874329598,5.17E-33,4.44E-16,0,1,0.051493644,1.845187426,-0.4
2022-07-15,0,0.874329598,5.17E-33,4.44E-16,1,1,0.04538057,2.088009119,1.4
2022-07-16,0,0.874329598,5.17E-33,4.44E-16,0,1,0.060570204,2.308572531,2.2
2022-07-17,3,0.874329598,5.17E-33,4.44E-16,0,1,0.047292678,1.927672982,1.5
2022-07-18,0,0.874329598,5.17E-33,4.44E-16,0,1,0.055463459,2.274143219,1.6
2022-07-19,9,0.874329598,5.17E-33,4.44E-16,0,1,0.051590674,2.67424202,2.3
2022-07-20,0,0.874329598,5.17E-33,4.44E-16,0,1,0.040793973,1.70190382,2.6
2022-07-21,2,0.874329598,5.17E-33,4.44E-16,0,1,0.047193199,2.15989995,1
2022-07-22,0,0.874329598,5.17E-33,4.44E-16,0,1,0.049163943,1.444776893,1.5
2022-07-23,0,0.874329598,5.17E-33,4.44E-16,0,1,0.047907976,1.612464617,3.7
2022-07-24,0,0.874329598,5.17E-33,4.44E-16,0,1,0.04593884,1.492597103,3.2
2022-07-25,9,0.874329598,5.17E-33,4.44E-16,0,1,0.040390642,1.845232368,3.9
2022-07-26,0,0.874329598,5.17E-33,4.44E-16,0,1,0.048251693,2.132382154,2.7
2022-07-27,6,0.874329598,5.17E-33,4.44E-16,0,1,0.042210467,1.737050653,0.6
2022-07-28,1,0.874329598,5.17E-33,4.44E-16,0,1,0.046266736,1.444949269,2.3
2022-07-29,1,0.874329598,5.17E-33,4.44E-16,0,1,0.04443422,2.398542166,2.5
2022-07-30,6,0.874329598,5.17E-33,4.44E-16,0,1,0.04346724,1.937798977,3.2
2022-07-31,2,0.874329598,5.17E-33,4.44E-16,0,1,0.052537317,2.138952732,5.1
2022-08-01,3,0.874329598,5.17E-33,4.44E-16,0,1,0.051385467,1.734418511,3
2022-08-02,2,0.874329598,5.17E-33,4.44E-16,0,1,0.040735272,1.389601946,1.3
2022-08-03,1,0.874329598,5.17E-33,4.44E-16,0,1,0.043519408,1.276661158,0.4
2022-08-04,2,0.874329598,5.17E-33,4.44E-16,0,1,0.212497748,1.79962194,3.8
2022-08-05,2,0.874329598,5.17E-33,4.44E-16,0,1,0.048336866,1.526258111,1.2
2022-08-06,0,0.874329598,5.17E-33,4.44E-16,0,1,0.104759092,3.001416922,0.2
2022-08-07,0,0.874329598,5.17E-33,4.44E-16,0,1,0.042700043,1.924456716,0.6
2022-08-08,0,0.874329598,5.17E-33,4.44E-16,0,1,0.190740205,3.645070791,-0.7
2022-08-09,0,0.874329598,5.17E-33,4.44E-16,0,1,0.041318385,1.306612015,1.5
2022-08-10,0,0.874329598,5.17E-33,4.44E-16,0,1,0.047569397,1.715766072,4.7
2022-08-11,1,0.874329598,5.17E-33,4.44E-16,0,1,0.046748033,1.726027608,1.6
2022-08-12,1,0.874329598,5.17E-33,4.44E-16,0,1,0.040969556,1.578362346,1
2022-08-13,0,0.874329598,5.17E-33,4.44E-16,0,1,0.043325784,1.494933367,0.1
2022-08-14,0,0.874329598,5.17E-33,4.44E-16,0,1,0.041187891,1.509660875,1.7
2022-08-15,0,0.874329598,5.17E-33,4.44E-16,0,1,0.044396835,1.907579422,1.1
2022-08-16,0,0.874329598,5.17E-33,4.44E-16,0,1,0.042611988,1.347079158,-0.7
2022-08-17,0,0.874329598,5.17E-33,4.44E-16,0,1,0.037249209,1.415612817,3.8
2022-08-18,0,0.874329598,5.17E-33,4.44E-16,0,1,0.037788534,1.33817327,4.1
2022-08-19,0,0.874329598,5.17E-33,4.44E-16,0,1,0.043141518,1.597267628,3.6
2022-08-20,0,0.874329598,5.17E-33,4.44E-16,0,1,0.040971769,2.142768621,-1
2022-08-21,0,0.874329598,5.17E-33,4.44E-16,0,1,0.044428741,1.793204188,3
2022-08-22,0,0.874329598,5.17E-33,4.44E-16,0,1,0.040775241,1.932488799,4.4
2022-08-23,0,0.874329598,5.17E-33,4.44E-16,0,1,0.04149463,1.386842966,-0.4
2022-08-24,0,0.874329598,5.17E-33,4.44E-16,0,1,0.08945689,1.615270257,1.2
2022-08-25,2,0.874329598,5.17E-33,4.44E-16,0,1,0.048624893,1.77431047,-1
2022-08-26,0,0.874329598,5.17E-33,4.44E-16,0,1,0.044189095,1.659919977,-1.1
2022-08-27,0,0.874329598,5.17E-33,4.44E-16,0,1,0.044921184,1.702319622,-0.3
2022-08-28,0,0.874329598,5.17E-33,4.44E-16,0,1,0.044132491,1.423341155,-4.4
2022-08-29,0,0.874329598,5.17E-33,4.44E-16,1,1,0.045486826,1.778164506,-2.9
2022-08-30,0,0.874329598,5.17E-33,4.44E-16,0,1,0.046592841,1.497442842,-2
2022-08-31,0,0.874329598,5.17E-33,4.44E-16,0,1,0.041566444,2.017021894,-0.3
2022-09-01,0,0.874329598,5.17E-33,4.44E-16,0,1,0.043350287,1.97798717,3.2
2022-09-02,0,0.874329598,5.17E-33,4.44E-16,0,1,0.040232864,1.92735672,3.2
2022-09-03,2,0.874329598,5.17E-33,4.44E-16,0,1,0.038763286,1.475016117,1.8
2022-09-04,0,0.874329598,5.17E-33,4.44E-16,0,1,0.042334625,1.358320629,-1.8
2022-09-05,0,0.874329598,5.17E-33,4.44E-16,0,1,0.037672141,1.493971229,-0.4
2022-09-06,0,0.874329598,5.17E-33,4.44E-16,0,1,0.041463157,1.634248972,1.3
2022-09-07,0,0.874329598,5.17E-33,4.44E-16,0,1,0.047172301,1.917461872,2.1
2022-09-08,0,0.874329598,5.17E-33,4.44E-16,0,1,0.043876083,1.639221549,4.1
2022-09-09,0,0.874329598,5.17E-33,4.44E-16,0,1,0.045102391,1.582421184,4.1
2022-09-10,1,0.874329598,5.17E-33,4.44E-16,0,1,0.05140595,1.844240546,3.5
2022-09-11,0,0.874329598,5.17E-33,4.44E-16,4,1,0.050488295,1.977610707,2
2022-09-12,0,0.874329598,5.17E-33,4.44E-16,0,1,0.040675817,1.579935551,2.6
2022-09-13,0,0.874329598,5.17E-33,4.44E-16,0,1,0.039654391,1.468934417,3.5
2022-09-14,1,0.874329598,5.17E-33,4.44E-16,0,1,0.040385307,1.968739271,2.2
2022-09-15,0,0.874329598,5.17E-33,4.44E-16,0,1,0.038912658,1.969091415,-2
2022-09-16,1,0.874329598,5.17E-33,4.44E-16,0,1,0.038852328,1.37967968,-2.1
2022-09-17,0,100.8643296,10.71321429,5.951785714,0,1,0.039879762,1.807509065,-3.3
2022-09-18,0,1591.199152,177.5340911,94.66219319,0,1,0.039669433,2.02537632,-4.6
2022-09-19,0,0.874329598,117.1656977,-3.571071429,0,1,0.040844516,1.614620328,-5.4
2022-09-20,0,0.874329598,56.79731509,-61.55874366,0,1,0.044868385,1.628575403,-1.7
2022-09-21,0,0.874329598,-3.571071429,-79.30082674,0,1,0.041671254,2.067966461,0.1
2022-09-22,2,0.874329598,-63.93945674,-56.79731509,0,1,0.037206171,1.583149672,3.4
2022-09-23,0,0.874329598,-124.307846,5.951785714,2,1,0.036024266,1.603300654,-4.2
2022-09-24,0,0.874329598,-170.3919459,94.66219113,0,1,0.038991996,1.642262936,-7.2
2022-09-25,0,0.874329598,5.17E-33,4.44E-16,0,1,0.038636235,1.354789257,-5.9
2022-09-26,0,0.874329598,5.17E-33,4.44E-16,0,1,0.04372396,1.988326192,-4.3
2022-09-27,2,0.874329598,5.17E-33,4.44E-16,0,1,0.041196683,1.667206407,-4
2022-09-28,0,0.874329598,5.17E-33,4.44E-16,0,1,0.03812441,2.391244423,-3.5
2022-09-29,0,0.874329598,5.17E-33,4.44E-16,0,1,0.037714008,1.606278419,-6.4
2022-09-30,0,0.874329598,5.17E-33,4.44E-16,0,1,0.038364136,1.409705997,-4.2
2022-10-01,4,0.874329598,5.17E-33,4.44E-16,0,1,0.039042136,2.123970032,-8.8
2022-10-02,0,0.874329598,5.17E-33,4.44E-16,0,1,0.038830664,2.096574306,-8.6
2022-10-03,1,0.874329598,5.17E-33,4.44E-16,0,1,0.040865106,1.502265811,-7.4
2022-10-04,0,0.874329598,5.17E-33,4.44E-16,0,1,0.041459703,1.446955562,-5.4
2022-10-05,0,0.874329598,5.17E-33,4.44E-16,0,1,0.040624676,1.825177908,-5.9
2022-10-06,0,0.874329598,5.17E-33,4.44E-16,0,1,0.034907465,1.642862082,-8.3
2022-10-07,0,0.874329598,5.17E-33,4.44E-16,0,1,0.039697727,1.94696033,-10.3
2022-10-08,1,0.874329598,5.17E-33,4.44E-16,0,1,0.037359239,1.508008718,-15.3
2022-10-09,0,0.874329598,5.17E-33,4.44E-16,0,1,0.03738,1.974155068,-8
2022-10-10,0,0.874329598,5.17E-33,4.44E-16,0,1,0.044825149,1.412045717,-10.4
2022-10-11,0,0.874329598,5.17E-33,4.44E-16,0,1,0.041684758,1.510445476,-11.9
2022-10-12,2,0.874329598,5.17E-33,4.44E-16,0,1,0.04264454,1.708878994,-11.5
2022-10-13,0,0.874329598,5.17E-33,4.44E-16,2,1,0.045270132,1.579690218,-20.7
2022-10-14,0,0.874329598,5.17E-33,4.44E-16,0,1,0.0398367,1.481175423,-11.1
2022-10-15,0,0.874329598,5.17E-33,4.44E-16,0,1,0.035566074,2.646332026,0.3
2022-10-16,1,0.874329598,5.17E-33,4.44E-16,0,1,0.040761302,1.640003324,0.4
2022-10-17,0,0.874329598,5.17E-33,4.44E-16,0,1,0.039152624,2.144743681,-4.4
2022-10-18,0,0.874329598,5.17E-33,4.44E-16,0,1,0.042321159,1.905894358,-6.3
2022-10-19,0,0.874329598,5.17E-33,4.44E-16,0,1,0.040730832,1.734014392,-8.4
2022-10-20,0,0.874329598,5.17E-33,4.44E-16,0,1,0.038977024,2.270333767,-6.2
2022-10-21,0,0.874329598,5.17E-33,4.44E-16,0,1,0.039472403,1.880724311,-6.4
2022-10-22,0,0.874329598,5.17E-33,4.44E-16,0,1,0.042903518,2.06423068,-4.2
2022-10-23,0,0.874329598,5.17E-33,4.44E-16,0,1,0.042740455,2.423867226,-6
2022-10-24,1,0.874329598,5.17E-33,4.44E-16,0,1,0.037695242,1.705568314,-10.3
2022-10-25,1,0.874329598,5.17E-33,4.44E-16,0,1,0.039889877,1.905598521,-11.3
2022-10-26,2,0.874329598,5.17E-33,4.44E-16,0,1,0.033566272,2.352579594,-0.1
2022-10-27,0,0.874329598,5.17E-33,4.44E-16,1,1,0.036036491,3.897823095,0.1
2022-10-28,0,0.874329598,5.17E-33,4.44E-16,0,1,0.038102267,3.228256702,-11.9
2022-10-29,0,0.874329598,5.17E-33,4.44E-16,0,1,0.043791132,2.880106688,-9.7
2022-10-30,0,0.874329598,5.17E-33,4.44E-16,0,1,0.040867841,2.303429604,-6.4
2022-10-31,0,0.874329598,5.17E-33,4.44E-16,0,1,0.037747072,2.379192352,-13.8
2022-11-01,0,0.140555619,-0.078618641,-0.043677023,0,1,0.036290364,2.054994583,-14.2
2022-11-02,0,0.140555619,-0.131031068,-0.043677023,0,1,0.04090478,2.894870996,-10.5
2022-11-03,0,0.140555619,-0.157237281,-0.017470809,0,1,0.042787073,1.810746431,-17.6
2022-11-04,0,0.140555619,-0.157237281,0.017470809,0,1,0.037630847,2.19165802,-18.5
2022-11-05,0,0.140555619,-0.131031068,0.043677023,0,1,0.034029716,2.993633747,-14.7
2022-11-06,0,0.140555619,-0.078618641,0.043677023,0,1,0.030444325,2.147105455,-19.9
2022-11-07,0,0.140555619,-1.29E-33,9.99E-16,0,1,0.04339168,3.1578722,-12.4
2022-11-08,0,0.140555619,-1.29E-33,9.99E-16,0,1,0.036090405,1.747935653,-12.1
2022-11-09,0,0.140555619,-1.29E-33,9.99E-16,0,1,0.038286012,2.217365503,-15.5
2022-11-10,0,0.140555619,-1.29E-33,9.99E-16,1,1,0.035368183,1.886084318,-20
2022-11-11,0,0.140555619,-1.29E-33,9.99E-16,0,1,0.035427553,2.2118752,-21
2022-11-12,0,0.140555619,-1.29E-33,9.99E-16,0,1,0.038087936,2.810088634,-19.5
2022-11-13,0,0.140555619,-1.29E-33,9.99E-16,0,1,0.037407709,2.442246199,-21.6
2022-11-14,0,0.140555619,-1.29E-33,9.99E-16,0,1,0.033929379,4.474278927,-20.8
2022-11-15,1,0.140555619,-1.29E-33,9.99E-16,0,1,0.038692122,2.264744043,-19.5
2022-11-16,1,0.140555619,-1.29E-33,9.99E-16,0,1,0.035137381,2.798710585,-15.4
2022-11-17,0,0.140555619,-1.29E-33,9.99E-16,0,1,0.037274186,2.42626214,-17.7
2022-11-18,0,0.140555619,-1.29E-33,9.99E-16,0,1,0.038621241,2.619819403,-18.3
2022-11-19,0,0.140555619,-1.29E-33,9.99E-16,0,1,0.040822836,2.609023094,-20.9
2022-11-20,0,0.140555619,-1.29E-33,9.99E-16,0,1,0.038352471,2.433906317,-20.5
2022-11-21,0,0.140555619,-1.29E-33,9.99E-16,0,1,0.040421152,2.598347187,-19.7
2022-11-22,0,0.140555619,-1.29E-33,9.99E-16,0,1,0.042244172,3.606213808,-23.2
2022-11-23,1,0.140555619,-1.29E-33,9.99E-16,0,1,0.03996952,2.30426836,-23.8
2022-11-24,0,0.140555619,-1.29E-33,9.99E-16,0,1,0.039395319,3.171919584,-19.8
2022-11-25,0,0.140555619,-1.29E-33,9.99E-16,0,1,0.036424695,2.205257893,-21
2022-11-26,0,0.140555619,-1.29E-33,9.99E-16,0,1,0.040269343,2.359734535,-17.8
2022-11-27,0,0.140555619,-1.29E-33,9.99E-16,0,1,0.036180911,2.853378296,-16.9
2022-11-28,0,0.140555619,-1.29E-33,9.99E-16,0,1,0.036468001,4.490918636,-17.9
2022-11-29,0,0.140555619,-1.29E-33,9.99E-16,0,1,0.040815989,3.456439257,-21.1
2022-11-30,0,0.140555619,-1.29E-33,9.99E-16,0,1,0.042000045,1.464549899,-26.8
2022-12-01,0,0.140555619,-1.29E-33,9.99E-16,0,1,0.038349276,3.935653687,-20.8
2022-12-02,0,0.140555619,-1.29E-33,9.99E-16,0,1,0.041173065,4.141415596,-17.5
2022-12-03,0,0.140555619,-1.29E-33,9.99E-16,0,1,0.03622804,3.775752544,-18.6
2022-12-04,0,0.140555619,-1.29E-33,9.99E-16,0,1,0.035722111,7.44410038,-17.9
2022-12-05,0,0.140555619,-1.29E-33,9.99E-16,0,1,0.089685206,3.442567348,-22.8
2022-12-06,0,0.140555619,-1.29E-33,9.99E-16,0,1,0.039622826,3.689687014,-19.2
2022-12-07,1,0.140555619,-1.29E-33,9.99E-16,1,1,0.036588039,3.366234303,-16.4
2022-12-08,0,0.140555619,-1.29E-33,9.99E-16,0,1,0.035801824,2.552934401,-14.6
2022-12-09,0,0.140555619,-1.29E-33,9.99E-16,0,1,0.043442497,2.15561676,-22.6
2022-12-10,0,0.140555619,-1.29E-33,9.99E-16,0,1,0.042291848,2.596872568,-24.9
2022-12-11,0,0.140555619,-1.29E-33,9.99E-16,0,1,0.039825996,2.870088577,-26.4
2022-12-12,1,0.140555619,-1.29E-33,9.99E-16,0,1,0.037584582,3.832990646,-26.3
2022-12-13,0,0.140555619,-1.29E-33,9.99E-16,0,1,0.038762895,2.568955898,-23.6
2022-12-14,0,0.140555619,-1.29E-33,9.99E-16,0,1,0.036247813,3.079198122,-14.2
2022-12-15,0,0.140555619,-1.29E-33,9.99E-16,1,1,0.04209066,2.328920126,-14.3
2022-12-16,0,0.140555619,-1.29E-33,9.99E-16,0,1,0.042402586,1.468193889,-17
2022-12-17,0,0.140555619,-1.29E-33,9.99E-16,0,1,0.034937553,2.686473608,-16.7
2022-12-18,1,0.140555619,-1.29E-33,9.99E-16,0,1,0.034716636,2.953392506,-14.3
2022-12-19,0,0.140555619,-1.29E-33,9.99E-16,0,1,0.035771926,3.404716969,-16
2022-12-20,0,0.140555619,-1.29E-33,9.99E-16,0,1,0.036592448,2.112810373,-16.3
2022-12-21,1,0.140555619,-1.29E-33,9.99E-16,0,1,0.038067455,1.932204962,-18
2022-12-22,0,0.140555619,-1.29E-33,9.99E-16,0,1,0.039186732,2.115972996,-20.1
2022-12-23,0,0.140555619,-1.29E-33,9.99E-16,0,1,0.044977648,2.261500835,-24.6
2022-12-24,0,0.140555619,-1.29E-33,9.99E-16,0,1,0.041255835,3.532017708,-21.8
2022-12-25,0,0.140555619,-1.29E-33,9.99E-16,0,1,0.038459366,4.896373272,-15.8
2022-12-26,1,0.140555619,-1.29E-33,9.99E-16,0,1,0.039813822,4.300773144,-17.8
2022-12-27,0,0.140555619,-1.29E-33,9.99E-16,0,1,0.037750162,3.404937267,-22.8
2022-12-28,5,0.140555619,-1.29E-33,9.99E-16,0,1,0.037282077,2.829611301,-24.9
2022-12-29,0,0.140555619,-1.29E-33,9.99E-16,0,1,0.037962315,2.533877134,-23.5
2022-12-30,0,0.140555619,-1.29E-33,9.99E-16,0,1,0.040167155,2.251882076,-22.8
2022-12-31,0,0.140555619,-1.29E-33,9.99E-16,0,1,0.034969583,3.136906624,-23.8
2023-01-01,0,0.140555619,-1.29E-33,9.99E-16,0,1,0.043874321,2.866425037,-20.8
2023-01-02,0,0.140555619,-1.29E-33,9.99E-16,0,1,0.037169369,3.532973051,-22.8
2023-01-03,0,0.140555619,-1.29E-33,9.99E-16,0,1,0.037916166,2.419743061,-23.9
2023-01-04,0,0.140555619,-1.29E-33,9.99E-16,0,1,0.037464229,2.57412982,-24.5
2023-01-05,0,0.140555619,-1.29E-33,9.99E-16,0,1,0.04435302,3.189608812,-32
2023-01-06,0,0.140555619,-1.29E-33,9.99E-16,0,1,0.04078474,2.952184916,-33.1
2023-01-07,0,0.140555619,-1.29E-33,9.99E-16,0,1,0.041034114,2.249303818,-23.8
2023-01-08,0,0.140555619,-1.29E-33,9.99E-16,0,1,0.046136217,4.359073162,-33.4
2023-01-09,2,0.140555619,-1.29E-33,9.99E-16,1,1,0.040142168,2.914991617,-31.4
2023-01-10,3,0.140555619,-1.29E-33,9.99E-16,0,1,0.041567177,4.649818897,-29.7
2023-01-11,0,0.140555619,-1.29E-33,9.99E-16,0,1,0.040880939,2.484795094,-29.1
2023-01-12,0,0.140555619,-1.29E-33,9.99E-16,3,1,0.041892425,1.954081297,-32.3
2023-01-13,0,0.140555619,-1.29E-33,9.99E-16,2,1,0.047675053,1.815233469,-34
2023-01-14,0,0.140555619,-1.29E-33,9.99E-16,0,1,0.073564693,3.293522596,-35.6
2023-01-15,0,0.140555619,-1.29E-33,9.99E-16,0,1,0.043109367,1.637766838,-34.7
2023-01-16,0,0.140555619,-1.29E-33,9.99E-16,0,1,0.038712037,2.634016037,-32.7
2023-01-17,0,0.140555619,-1.29E-33,9.99E-16,1,1,0.045493034,2.505850554,-24.6
2023-01-18,0,0.140555619,-1.29E-33,9.99E-16,0,1,0.040567622,2.357067585,-16
2023-01-19,0,0.140555619,-1.29E-33,9.99E-16,0,1,0.03778445,2.27209568,-26.8
2023-01-20,0,0.140555619,-1.29E-33,9.99E-16,0,1,0.042439289,2.438193321,-27.8
2023-01-21,1,0.140555619,-1.29E-33,9.99E-16,0,1,0.050500104,3.21267128,-28
2023-01-22,1,0.140555619,-1.29E-33,9.99E-16,0,1,0.046291018,2.614393949,-25.6
2023-01-23,0,0.140555619,-1.29E-33,9.99E-16,4,1,0.047854348,2.657828009,-22.8
2023-01-24,1,0.140555619,-1.29E-33,9.99E-16,0,1,0.038675038,3.239494562,-22.8
2023-01-25,0,0.140555619,-1.29E-33,9.99E-16,0,1,0.045031503,2.078038454,-35.6
2023-01-26,0,0.140555619,-1.29E-33,9.99E-16,0,1,0.048896874,2.483259916,-36.2
2023-01-27,1,0.140555619,-1.29E-33,9.99E-16,0,1,0.043686524,2.057303755,-37.3
2023-01-28,0,0.140555619,-1.29E-33,9.99E-16,0,1,0.041317354,2.232237101,-38.5
2023-01-29,1,0.140555619,-1.29E-33,9.99E-16,0,1,0.042302085,2.211374521,-39.6
2023-01-30,0,0.140555619,-1.29E-33,9.99E-16,0,1,0.043716006,2.708453894,-40.7
2023-01-31,10,0.140555619,-1.29E-33,9.99E-16,0,1,0.041784794,1.856679201,-40.2
2023-02-01,0,0.140555619,-1.29E-33,9.99E-16,0,1,0.045009947,1.537425041,-44.6
2023-02-02,1,0.140555619,-1.29E-33,9.99E-16,1,1,0.042097391,2.360371828,-44
2023-02-03,0,0.140555619,-1.29E-33,9.99E-16,2,1,0.03786139,2.706169844,-38.5
2023-02-04,0,0.140555619,-1.29E-33,9.99E-16,0,1,0.040893846,2.886445522,-40
2023-02-05,0,90.13055562,9.641785714,5.356547619,0,1,0.03832278,1.981767178,-43.5
2023-02-06,0,0.140555619,6.427857143,7.77E-16,0,1,0.041738918,1.994931817,-42.4
2023-02-07,0,0.140555619,3.213928571,-3.213928571,0,1,0.042686574,1.91213131,-40.2
2023-02-08,1,0.140555619,2.22E-16,-4.285238095,0,1,0.038138957,1.593841672,-25.9
2023-02-09,2,0.140555619,-3.213928571,-3.213928571,0,1,0.043882442,1.761106253,-33.5
2023-02-10,1,0.140555619,-6.427857143,3.89E-15,0,1,0.039678642,1.984029174,-37.3
2023-02-11,0,0.140555619,-9.641785714,5.356547654,2,1,0.037859759,1.591462255,-38.2
2023-02-12,0,0.140555619,-1.29E-33,9.99E-16,1,1,0.040809361,1.620744467,-30.8
2023-02-13,1,0.140555619,-1.29E-33,9.99E-16,0,1,0.045894302,1.874339461,-34.1
2023-02-14,0,0.140555619,-1.29E-33,9.99E-16,0,1,0.043598891,1.881467342,-31.3
2023-02-15,0,0.140555619,-1.29E-33,9.99E-16,0,1,0.044458562,1.868138552,-29.2
2023-02-16,5,0.140555619,-1.29E-33,9.99E-16,0,1,0.048197336,2.28243494,-29.9
2023-02-17,2,0.140555619,-1.29E-33,9.99E-16,0,1,0.040949326,1.515521646,-36.8
2023-02-18,0,0.140555619,-1.29E-33,9.99E-16,0,1,0.042844957,1.449733377,-39.6
2023-02-19,1,0.140555619,-1.29E-33,9.99E-16,1,1,0.043204216,1.633167744,-39.2
2023-02-20,0,0.140555619,-1.29E-33,9.99E-16,0,1,0.041499253,1.635576248,-37.7
2023-02-21,5,0.140555619,-1.29E-33,9.99E-16,12,1,0.041254852,1.804383516,-40.1
2023-02-22,6,0.140555619,-1.29E-33,9.99E-16,4,1,0.043526368,1.577603817,-34.2
2023-02-23,1,0.140555619,-1.29E-33,9.99E-16,0,1,0.039550324,1.945252538,-42.9
2023-02-24,0,0.140555619,-1.29E-33,9.99E-16,0,1,0.0399844,1.488484979,-44.8
2023-02-25,1,0.140555619,-1.29E-33,9.99E-16,0,1,0.04248832,1.661679268,-41.5
2023-02-26,1,0.140555619,-1.29E-33,9.99E-16,0,1,0.041875554,1.436674953,-37.9
2023-02-27,3,0.140555619,-1.29E-33,9.99E-16,0,1,0.044596179,1.777510762,-35.9
2023-02-28,0,0.140555619,-1.29E-33,9.99E-16,0,1,0.045171514,1.427468657,-38.4
2023-03-01,1,0.140555619,-1.29E-33,9.99E-16,0,1,0.047059663,1.61542964,-32.7
2023-03-02,6,0.140555619,-1.29E-33,9.99E-16,0,1,0.043509187,2.014359474,-31.4
2023-03-03,1,0.140555619,-1.29E-33,9.99E-16,0,1,0.045226825,2.188672304,-25.7
2023-03-04,0,0.140555619,-1.29E-33,9.99E-16,0,1,0.039611239,1.649875522,-25.6
2023-03-05,1,0.140555619,-1.29E-33,9.99E-16,0,1,0.0394543,1.676096559,-22.6
2023-03-06,4,0.140555619,-1.29E-33,9.99E-16,0,1,0.038535871,2.072460651,-13.2
2023-03-07,2,0.140555619,-1.29E-33,9.99E-16,0,1,0.039121443,1.658174396,-8.7
2023-03-08,0,0.140555619,-1.29E-33,9.99E-16,0,1,0.040625834,1.479466796,-12.2
2023-03-09,0,0.140555619,-1.29E-33,9.99E-16,1,1,0.043832704,1.668656468,-11.7
2023-03-10,1,0.140555619,-1.29E-33,9.99E-16,0,1,0.043358297,2.16753602,-16.5
2023-03-11,0,0.140555619,-1.29E-33,9.99E-16,0,1,0.043012859,1.724956512,-22.3
2023-03-12,1,0.140555619,-1.29E-33,9.99E-16,0,1,0.043992521,2.238408566,-22.3
2023-03-13,0,0.140555619,-1.29E-33,9.99E-16,0,1,0.045169173,2.296295881,-21.5
2023-03-14,0,0.140555619,-1.29E-33,9.99E-16,0,1,0.044304789,1.932085395,-26.5
2023-03-15,0,0.140555619,-1.29E-33,9.99E-16,0,1,0.042939828,1.537583232,-22.8
2023-03-16,0,0.140555619,-1.29E-33,9.99E-16,0,1,0.03764891,1.527500868,-21.7
2023-03-17,0,0.140555619,-1.29E-33,9.99E-16,0,1,0.043427183,1.811119168,-20.3
2023-03-18,0,0.140555619,-1.29E-33,9.99E-16,0,1,0.047759535,1.071553111,-23.1
2023-03-19,2,0.140555619,-1.29E-33,9.99E-16,0,1,0.046743861,1.604608774,-24.9
2023-03-20,2,0.140555619,-1.29E-33,9.99E-16,1,1,0.043280574,1.469130874,-24.2
2023-03-21,6,0.140555619,-1.29E-33,9.99E-16,0,1,0.048351729,1.557364821,-24.6
2023-03-22,2,0.140555619,-1.29E-33,9.99E-16,0,1,0.043301715,1.892300606,-21.1
2023-03-23,0,0.140555619,-1.29E-33,9.99E-16,0,1,0.04380374,2.059636831,-23.8
2023-03-24,1,0.140555619,-1.29E-33,9.99E-16,0,1,0.050024225,0.885059297,-22.8
2023-03-25,0,0.140555619,-1.29E-33,9.99E-16,0,1,0.046691345,1.789246678,-18
2023-03-26,0,0.140555619,-1.29E-33,9.99E-16,0,1,0.040336639,2.011447668,-16.3
2023-03-27,1,0.140555619,-1.29E-33,9.99E-16,1,1,0.039481031,1.447428823,-16.8
2023-03-28,3,0.140555619,-1.29E-33,9.99E-16,0,1,0.041390726,1.316484928,-16.4
2023-03-29,0,0.140555619,-1.29E-33,9.99E-16,2,1,0.049701152,1.570955873,-18
2023-03-30,0,0.140555619,-1.29E-33,9.99E-16,0,1,0.040817452,1.911720514,-16
2023-03-31,0,100.1305556,10.71321429,5.951785714,1,1,0.0518691,1.922469974,-15.5
2023-04-01,0,0.140555619,7.142142857,-4.44E-16,0,1,0.048403076,2.055750132,-16.2
2023-04-02,0,0.140555619,3.571071429,-3.571071429,0,1,0.043318147,1.941806912,-17.7
2023-04-03,0,0.140555619,5.55E-16,-4.761428571,0,1,0.043363467,2.050742149,-19.3
2023-04-04,2,0.140555619,-3.571071197,-3.571071429,0,1,0.042576643,1.563786268,-21.4
2023-04-05,0,0.140555619,-7.142142857,5.11E-15,0,1,0.048038381,1.628541589,-20.7
2023-04-06,0,0.140555619,-10.71321429,5.951785714,3,1,0.042768402,2.490417957,-24
2023-04-07,0,52.13055562,5.570357143,3.094642857,0,1,0.046233503,1.857051134,-21.2
2023-04-08,1,0.140555619,3.713571429,3.33E-16,0,1,0.042388389,1.823457431,-26.6
2023-04-09,0,0.140555619,1.856785714,-1.856785714,0,1,0.043692703,2.282632589,-26.6
2023-04-10,1,0.140555619,0,-2.475714286,0,1,0.047865791,2.164182425,-24.3
2023-04-11,0,0.140555619,-1.856785714,-1.856785714,1,1,0.048309444,2.375846624,-13.2
2023-04-12,1,0.140555619,-3.713571429,1.78E-15,1,1,0.050249784,1.445942044,-10.3
2023-04-13,1,0.140555619,-5.570357143,3.094642857,0,1,0.048298976,1.949409246,-10.4
2023-04-14,5,0.140555619,-1.29E-33,9.99E-16,0,1,,1.855568409,-11.8
2023-04-15,1,0.140555619,-1.29E-33,9.99E-16,0,1,0.049236669,2.183611631,-15.5
2023-04-16,0,0.140555619,-1.29E-33,9.99E-16,0,1,0.046506217,2.268868208,-14.9
2023-04-17,3,0.140555619,-1.29E-33,9.99E-16,0,1,0.04449922,1.83230114,-17.9
2023-04-18,2,0.140555619,-1.29E-33,9.99E-16,1,1,,1.737987757,-14.6
2023-04-19,1,0.140555619,-1.29E-33,9.99E-16,0,1,0.040665131,1.78351593,-10.9
2023-04-20,0,0.140555619,-1.29E-33,9.99E-16,0,1,0.041223174,1.506991148,-9.1
2023-04-21,1,0.140555619,-1.29E-33,9.99E-16,0,1,0.048625354,1.523535609,-6.2
2023-04-22,0,0.140555619,-1.29E-33,9.99E-16,0,1,0.043587079,1.727960944,-6.4
2023-04-23,0,0.140555619,-1.29E-33,9.99E-16,0,1,0.045489798,1.824237585,-4.5
2023-04-24,0,0.140555619,-1.29E-33,9.99E-16,1,1,0.04211309,2.145745039,-4.3
2023-04-25,0,0.140555619,-1.29E-33,9.99E-16,0,1,0.04473723,1.793301344,-5
2023-04-26,0,0.140555619,-1.29E-33,9.99E-16,0,1,0.046492384,1.958329916,-4.2
2023-04-27,0,0.140555619,-1.29E-33,9.99E-16,0,1,0.04668278,1.994294643,-4.8
2023-04-28,1,0.140555619,-1.29E-33,9.99E-16,0,1,0.044380836,1.699654698,-6.1
2023-04-29,2,0.140555619,-1.29E-33,9.99E-16,0,1,0.050077806,2.156825781,-6.3
2023-04-30,2,0.140555619,-1.29E-33,9.99E-16,0,1,0.049669283,2.363961697,-8.2
2023-05-01,0,0.029210913,-0.01192979,-0.006627661,0,1,0.046164485,2.069135904,-6
2023-05-02,0,0.029210913,-0.019882983,-0.006627661,0,1,0.050332082,2.393664598,-4.9
2023-05-03,0,0.029210913,-0.02385958,-0.002651064,0,1,0.04439093,1.670709014,-5.7
2023-05-04,0,0.029210913,-0.02385958,0.002651064,0,1,0.0473726,1.786437511,-3.2
2023-05-05,0,0.029210913,-0.019882983,0.006627661,0,1,0.044510031,2.175476074,-7
2023-05-06,0,0.029210913,-0.01192979,0.006627661,0,1,0.04562462,1.674662828,-8.3
2023-05-07,0,0.029210913,-1.29E-33,8.88E-16,0,1,0.044014049,1.816747427,-8.4
2023-05-08,0,0.029210913,-1.29E-33,8.88E-16,0,1,0.0579885,2.166396379,-11.6
2023-05-09,1,0.029210913,-1.29E-33,8.88E-16,0,1,0.039666751,1.636124492,-14.2
2023-05-10,0,0.029210913,-1.29E-33,8.88E-16,0,1,0.046686584,2.316016436,-11.8
2023-05-11,0,0.029210913,-1.29E-33,8.88E-16,0,1,0.07293396,5.105095387,-14.6
2023-05-12,0,0.029210913,-1.29E-33,8.88E-16,0,1,0.047684177,2.398117542,-7.2
2023-05-13,0,0.029210913,-1.29E-33,8.88E-16,0,1,0.052800792,2.418962002,-9.3
2023-05-14,0,0.029210913,-1.29E-33,8.88E-16,0,1,0.056549085,1.478958964,-15
2023-05-15,2,0.029210913,-1.29E-33,8.88E-16,0,1,0.069500523,2.171797991,-9.4
2023-05-16,2,0.029210913,-1.29E-33,8.88E-16,0,1,0.061173863,2.587974548,-10.6
2023-05-17,0,0.029210913,-1.29E-33,8.88E-16,1,1,0.046485507,1.538711309,-12.3
2023-05-18,0,0.029210913,-1.29E-33,8.88E-16,0,1,0.049895258,1.964533329,-11.2
2023-05-19,0,0.029210913,-1.29E-33,8.88E-16,0,1,0.067408736,3.464375019,-10.2
2023-05-20,0,0.029210913,-1.29E-33,8.88E-16,0,1,0.058397075,2.086815834,-10.5
2023-05-21,0,0.029210913,-1.29E-33,8.88E-16,0,1,0.058801734,1.55397439,-9
2023-05-22,0,0.029210913,-1.29E-33,8.88E-16,0,1,0.046175474,2.988194466,-14.6
2023-05-23,1,0.029210913,-1.29E-33,8.88E-16,3,1,0.085047167,2.191863298,-11.9
2023-05-24,0,0.029210913,-1.29E-33,8.88E-16,1,1,0.08065654,2.165518522,-15.5
2023-05-25,0,0.029210913,-1.29E-33,8.88E-16,0,1,0.049393291,1.445666909,-11.2
2023-05-26,0,0.029210913,-1.29E-33,8.88E-16,0,1,0.047443127,2.485040665,-6.3
2023-05-27,0,0.029210913,-1.29E-33,8.88E-16,0,1,0.069817834,1.965165257,-8.9
2023-05-28,1,0.029210913,-1.29E-33,8.88E-16,1,1,0.191190457,3.463125265,-9.1
2023-05-29,0,0.029210913,-1.29E-33,8.88E-16,0,1,0.306082652,5.81590414,-12.3
2023-05-30,0,48.46538923,5.189590533,2.883105852,0,1,0.312752351,3.185060501,-5.2
2023-05-31,0,0.029210913,3.459727022,0,1,1,0.142731432,2.925257206,-4.3
2023-06-01,0,0.029210913,1.729863511,-1.729863511,0,1,0.108627382,4.519935608,-9.4
2023-06-02,1,0.029210913,5.55E-16,-2.306484682,0,1,0.182349401,6.318156719,-11.8
2023-06-03,0,0.029210913,-1.729863511,-1.729863511,1,1,0.051624133,2.024742365,-8.3
2023-06-04,0,0.029210913,-3.459727022,2.11E-15,0,1,0.068100326,2.143981934,-2.2
2023-06-05,0,0.029210913,-5.189590533,2.883105852,0,1,0.06605545,2.615433931,-3.9
2023-06-06,1,0.029210913,-1.29E-33,8.88E-16,0,1,0.049531007,3.220046759,-5.8
2023-06-07,0,0.029210913,-1.29E-33,8.88E-16,0,1,0.099817582,5.759552479,-3.7
2023-06-08,0,0.029210913,-1.29E-33,8.88E-16,0,1,0.085094564,6.349969387,-5.4
2023-06-09,1,0.029210913,-1.29E-33,8.88E-16,0,1,0.107482691,7.79857111,-1
2023-06-10,0,0.029210913,-1.29E-33,8.88E-16,0,1,0.066502526,3.276549816,0.7
2023-06-11,0,0.029210913,-1.29E-33,8.88E-16,0,1,0.066713678,2.078857183,-1.2
2023-06-12,0,0.029210913,-1.29E-33,8.88E-16,0,1,0.112905531,3.185192347,-1.7
2023-06-13,0,0.029210913,-1.29E-33,8.88E-16,0,1,0.095318708,3.678407907,-4.7
2023-06-14,0,0.029210913,-1.29E-33,8.88E-16,0,1,0.085064642,3.524882317,-4
2023-06-15,0,0.029210913,-1.29E-33,8.88E-16,0,1,0.060198947,2.151548624,-5.9
2023-06-16,0,0.029210913,-1.29E-33,8.88E-16,0,1,0.059635166,1.807928205,-6.8
2023-06-17,0,0.029210913,-1.29E-33,8.88E-16,4,1,0.058626692,2.850333851,-7.4
2023-06-18,0,0.029210913,-1.29E-33,8.88E-16,0,1,0.055012138,1.529002786,-1.7
2023-06-19,0,0.029210913,-1.29E-33,8.88E-16,0,1,0.057226807,1.775734425,-1.2
2023-06-20,0,0.029210913,-1.29E-33,8.88E-16,2,1,0.060215799,2.130643129,0.3
2023-06-21,0,0.029210913,-1.29E-33,8.88E-16,0,1,0.069014097,3.080118895,1.9
2023-06-22,0,0.029210913,-1.29E-33,8.88E-16,0,1,0.145195633,5.503010273,-2.5
2023-06-23,0,0.029210913,-1.29E-33,8.88E-16,1,1,0.216130018,9.400652885,-2.8
2023-06-24,0,0.029210913,-1.29E-33,8.88E-16,0,1,0.176147938,8.83987236,-0.4
2023-06-25,0,0.029210913,-1.29E-33,8.88E-16,0,1,0.138025154,5.842120647,-2
2023-06-26,0,0.029210913,-1.29E-33,8.88E-16,0,1,0.078182723,3.516233683,1.9
2023-06-27,0,0.029210913,-1.29E-33,8.88E-16,0,1,0.153805652,3.290747166,1.5
2023-06-28,0,0.029210913,-1.29E-33,8.88E-16,0,1,0.063142243,1.335974693,2.2
2023-06-29,1,0.029210913,-1.29E-33,8.88E-16,0,1,0.058626929,1.517013431,0.1
2023-06-30,0,0.029210913,-1.29E-33,8.88E-16,0,1,0.080202844,1.519607902,0.9
2023-07-01,0,0.029210913,-1.29E-33,8.88E-16,0,1,0.072166488,3.023688793,1.4
2023-07-02,0,0.029210913,-1.29E-33,8.88E-16,0,1,0.073162952,2.848463297,0.2
2023-07-03,0,0.029210913,-1.29E-33,8.88E-16,0,1,0.066936161,1.935217619,-0.2
2023-07-04,0,0.029210913,-1.29E-33,8.88E-16,0,1,0.090581998,4.647465229,0.3
2023-07-05,0,0.029210913,-1.29E-33,8.88E-16,0,1,0.228940755,7.180187702,2
2023-07-06,0,0.029210913,-1.29E-33,8.88E-16,0,1,0.103363512,3.572850704,1.6
2023-07-07,0,0.029210913,-1.29E-33,8.88E-16,2,1,0.113886407,2.24391818,2
2023-07-08,0,0.029210913,-1.29E-33,8.88E-16,0,1,0.052116545,3.695757389,1.2
2023-07-09,0,0.029210913,-1.29E-33,8.88E-16,0,1,0.050151702,1.612995625,1
2023-07-10,0,0.029210913,-1.29E-33,8.88E-16,0,1,0.048061286,1.633348107,2
2023-07-11,0,0.029210913,-1.29E-33,8.88E-16,0,1,0.054344697,3.340189457,1.8
2023-07-12,0,0.029210913,-1.29E-33,8.88E-16,0,1,0.057317887,3.982738733,2.3
2023-07-13,0,0.029210913,-1.29E-33,8.88E-16,0,1,0.083343316,2.832485199,2.2
2023-07-14,0,0.029210913,-1.29E-33,8.88E-16,3,1,0.056036706,1.571863532,2.8
2023-07-15,0,0.029210913,-1.29E-33,8.88E-16,0,1,0.246560603,7.564637661,2
2023-07-16,0,0.029210913,-1.29E-33,8.88E-16,0,1,0.149966374,5.168765545,3
2023-07-17,0,0.029210913,-1.29E-33,8.88E-16,0,1,0.055045608,2.535462856,2.7
2023-07-18,0,0.029210913,-1.29E-33,8.88E-16,0,1,0.071362033,2.622038364,2.2
2023-07-19,0,0.029210913,-1.29E-33,8.88E-16,2,1,0.066709722,1.63717711,3.2
2023-07-20,0,0.029210913,-1.29E-33,8.88E-16,0,1,0.078638736,1.517878771,3.3
2023-07-21,0,0.029210913,-1.29E-33,8.88E-16,0,1,0.064358171,1.391844511,3.6
2023-07-22,0,0.029210913,-1.29E-33,8.88E-16,0,1,0.056485929,1.781818151,4.2
2023-07-23,0,0.029210913,-1.29E-33,8.88E-16,0,1,0.056178922,1.593449354,2.5
2023-07-24,0,0.029210913,-1.29E-33,8.88E-16,0,1,0.075007163,2.064829588,4
2023-07-25,0,0.029210913,-1.29E-33,8.88E-16,0,1,0.066291513,1.686371922,3.8
2023-07-26,0,0.029210913,-1.29E-33,8.88E-16,0,1,0.068203725,1.421283126,2.8
2023-07-27,0,0.029210913,-1.29E-33,8.88E-16,0,1,0.068550694,1.756997347,1.4
2023-07-28,0,0.029210913,-1.29E-33,8.88E-16,0,1,0.053652842,1.389115691,2.2
2023-07-29,0,0.029210913,-1.29E-33,8.88E-16,0,1,0.056424619,1.401596069,2.9
2023-07-30,0,0.029210913,-1.29E-33,8.88E-16,0,1,0.057060747,1.583881855,3.6
2023-07-31,0,0.029210913,-1.29E-33,8.88E-16,0,1,0.055719253,1.569809079,2.7
2023-08-01,0,0.029210913,-1.29E-33,8.88E-16,0,1,0.055019278,1.959774852,2.8
2023-08-02,0,0.029210913,-1.29E-33,8.88E-16,0,1,0.062340883,1.842113972,3.3
2023-08-03,0,0.029210913,-1.29E-33,8.88E-16,0,1,0.076407016,2.299127102,2.9
2023-08-04,0,0.029210913,-1.29E-33,8.88E-16,0,1,0.088127699,1.687482476,2
2023-08-05,0,0.029210913,-1.29E-33,8.88E-16,0,1,0.059652389,1.289751887,1.6
2023-08-06,0,0.029210913,-1.29E-33,8.88E-16,2,1,0.067871399,1.156411648,3.3
2023-08-07,0,0.029210913,-1.29E-33,8.88E-16,0,1,0.057542172,1.982097507,3.2
2023-08-08,0,0.029210913,-1.29E-33,8.88E-16,0,1,0.063021466,1.609884143,3.7
2023-08-09,0,0.029210913,-1.29E-33,8.88E-16,0,1,0.054711835,1.114576221,4
2023-08-10,0,0.029210913,-1.29E-33,8.88E-16,0,1,0.067538197,1.409092665,3.8
2023-08-11,0,0.029210913,-1.29E-33,8.88E-16,0,1,0.061179385,1.076687336,2.2
2023-08-12,0,0.029210913,-1.29E-33,8.88E-16,0,1,0.062853309,1.156204343,4.1
2023-08-13,0,0.029210913,-1.29E-33,8.88E-16,0,1,0.056334974,1.442037106,3.5
2023-08-14,0,0.029210913,-1.29E-33,8.88E-16,0,1,0.051963474,1.740243554,3
2023-08-15,1,0.029210913,-1.29E-33,8.88E-16,0,1,0.047305292,1.668524027,2.5
2023-08-16,0,0.029210913,-1.29E-33,8.88E-16,0,1,0.060511189,2.817100763,3
2023-08-17,0,0.029210913,-1.29E-33,8.88E-16,0,1,0.076714851,1.551979542,3.1
2023-08-18,0,0.029210913,-1.29E-33,8.88E-16,0,1,0.048993072,1.605606079,3.7
2023-08-19,0,0.029210913,-1.29E-33,8.88E-16,0,1,0.065816897,1.826632261,4.2
2023-08-20,0,0.029210913,-1.29E-33,8.88E-16,0,1,0.060593306,1.558289766,3.7
2023-08-21,0,0.029210913,-1.29E-33,8.88E-16,0,1,0.059929617,1.733798027,2.6
2023-08-22,0,0.029210913,-1.29E-33,8.88E-16,0,1,0.060565166,1.539323092,1.7
2023-08-23,0,0.029210913,-1.29E-33,8.88E-16,0,1,0.059557735,1.899873734,0.5
2023-08-24,0,0.029210913,-1.29E-33,8.88E-16,0,1,0.073949948,2.103441,-1.7
2023-08-25,0,0.029210913,-1.29E-33,8.88E-16,0,1,0.065785276,1.978362203,0.5
2023-08-26,0,0.029210913,-1.29E-33,8.88E-16,0,1,0.055518943,1.319859266,0.9
2023-08-27,0,0.029210913,-1.29E-33,8.88E-16,0,1,0.101044437,7.646913052,1.7
2023-08-28,0,0.029210913,-1.29E-33,8.88E-16,0,1,0.061062423,1.631996274,1.9
2023-08-29,0,0.029210913,-1.29E-33,8.88E-16,0,1,0.052125885,1.654482365,0.7
2023-08-30,0,0.029210913,-1.29E-33,8.88E-16,0,1,0.06764477,,-1.1
2023-08-31,0,0.029210913,-1.29E-33,8.88E-16,0,1,0.053809201,1.446598053,-2.5
2023-09-01,0,0.029210913,-1.29E-33,8.88E-16,0,1,0.062613137,1.751411319,-1.7
2023-09-02,0,0.029210913,-1.29E-33,8.88E-16,1,1,0.06704453,2.799267292,-0.7
2023-09-03,0,0.029210913,-1.29E-33,8.88E-16,0,1,0.079766371,5.100600719,2.8
2023-09-04,0,0.029210913,-1.29E-33,8.88E-16,0,1,0.075029004,7.560609818,2.3
2023-09-05,0,0.029210913,-1.29E-33,8.88E-16,0,1,0.057282846,1.710818291,0.2
2023-09-06,0,0.029210913,-1.29E-33,8.88E-16,0,1,0.056699405,3.663294792,-3.1
2023-09-07,0,0.029210913,-1.29E-33,8.88E-16,0,1,0.054014454,1.598803878,-3.2
2023-09-08,0,0.029210913,-1.29E-33,8.88E-16,0,1,0.050932849,1.886102796,-5.1
2023-09-09,0,0.029210913,-1.29E-33,8.88E-16,1,1,0.063681558,1.751561046,-3.9
2023-09-10,0,82.13013428,8.796527504,4.886959724,0,1,0.055189351,1.641991615,-2.6
2023-09-11,0,0.029210913,5.864351669,3.33E-16,0,1,0.055224204,2.136895657,-1.1
2023-09-12,0,0.029210913,2.932175835,-2.932175835,0,1,0.051282606,2.149833202,-2.1
2023-09-13,0,0.029210913,3.33E-16,-3.909567779,0,1,0.048097956,1.542803645,0.8
2023-09-14,0,0.029210913,-2.932175835,-2.932175835,0,1,0.045471216,1.434130907,-0.9
2023-09-15,0,0.029210913,-5.864351669,3.11E-15,0,1,0.049133051,2.534548998,-4.2
2023-09-16,0,0.029210913,-8.796527504,4.886959724,0,1,0.047283689,1.455468774,-5.9
2023-09-17,0,0.029210913,-1.29E-33,8.88E-16,0,1,0.043934103,1.747732639,-3.7
2023-09-18,0,0.029210913,-1.29E-33,8.88E-16,0,1,0.044924708,1.768827915,-5.9
2023-09-19,0,0.029210913,-1.29E-33,8.88E-16,0,1,0.073184569,10.71854496,-4.6
2023-09-20,0,0.029210913,-1.29E-33,8.88E-16,0,1,0.056655737,8.304314613,-3.8
2023-09-21,0,0.029210913,-1.29E-33,8.88E-16,0,1,0.0541672,3.75126195,-5.1
2023-09-22,0,0.029210913,-1.29E-33,8.88E-16,0,1,0.055201556,1.569021821,-4.9
2023-09-23,0,0.029210913,-1.29E-33,8.88E-16,0,1,0.054042342,1.552212954,0
2023-09-24,0,0.029210913,-1.29E-33,8.88E-16,0,1,0.07171921,8.754986763,-0.6
2023-09-25,0,0.029210913,-1.29E-33,8.88E-16,0,1,0.14773716,9.808709145,-3.3
2023-09-26,0,0.029210913,-1.29E-33,8.88E-16,0,1,0.232247442,7.90249157,0.1
2023-09-27,0,0.029210913,-1.29E-33,8.88E-16,0,1,0.158887297,8.288310051,-3.2
2023-09-28,1,0.029210913,-1.29E-33,8.88E-16,0,1,0.1162677,6.249258995,-4.2
2023-09-29,0,0.029210913,-1.29E-33,8.88E-16,1,1,0.095689145,5.426621914,1.6
2023-09-30,0,0.029210913,-1.29E-33,8.88E-16,0,1,0.101991232,5.494210243,1.2
2023-10-01,0,0.029210913,-1.29E-33,8.88E-16,0,1,0.08413026,5.187842369,-1.6
2023-10-02,0,0.029210913,-1.29E-33,8.88E-16,0,1,0.05104298,1.91876483,-3.5
2023-10-03,0,0.029210913,-1.29E-33,8.88E-16,0,1,0.0451358,1.677243233,-4.9
2023-10-04,0,0.029210913,-1.29E-33,8.88E-16,0,1,0.048789117,1.86635828,-5.2
2023-10-05,0,0.029210913,-1.29E-33,8.88E-16,0,1,0.046486267,2.28148365,-2.7
2023-10-06,0,0.029210913,-1.29E-33,8.88E-16,0,1,0.045422154,2.235540152,1.1
2023-10-07,1,0.029210913,-1.29E-33,8.88E-16,0,1,0.045113097,1.428284764,0.6
2023-10-08,0,0.029210913,-1.29E-33,8.88E-16,0,1,0.039785301,1.710439801,-4
2023-10-09,0,0.029210913,-1.29E-33,8.88E-16,0,1,0.046557713,2.245584011,-5
2023-10-10,0,0.029210913,-1.29E-33,8.88E-16,0,1,0.045786994,2.146033837,-2.4
2023-10-11,0,0.029210913,-1.29E-33,8.88E-16,0,1,0.045814602,1.634160399,-2.1
2023-10-12,0,0.029210913,-1.29E-33,8.88E-16,0,1,0.043422261,2.31148839,-2.8
2023-10-13,0,0.029210913,-1.29E-33,8.88E-16,0,1,0.043326927,2.131813049,-2.7
2023-10-14,0,0.029210913,-1.29E-33,8.88E-16,0,1,0.038903309,1.642315269,-3.2
2023-10-15,0,0.029210913,-1.29E-33,8.88E-16,0,1,0.042782051,2.2760818,-4.4
2023-10-16,0,0.029210913,-1.29E-33,8.88E-16,0,1,0.0401503,1.953747071,-5
2023-10-17,0,0.029210913,-1.29E-33,8.88E-16,0,1,0.040068036,1.675319195,-6.6
2023-10-18,0,0.029210913,-1.29E-33,8.88E-16,0,1,0.041987942,1.611577034,-4.3
2023-10-19,0,0.029210913,-1.29E-33,8.88E-16,0,1,0.042551359,1.878667951,-2.7
2023-10-20,0,0.029210913,-1.29E-33,8.88E-16,1,1,0.041970243,2.241420746,-5.5
2023-10-21,0,0.029210913,-1.29E-33,8.88E-16,0,1,0.040584864,1.972983122,-5.7
2023-10-22,0,0.029210913,-1.29E-33,8.88E-16,0,1,0.040968215,1.344620705,-8.7
2023-10-23,0,0.029210913,-1.29E-33,8.88E-16,0,1,0.045499386,1.332832217,-8.9
2023-10-24,0,0.029210913,-1.29E-33,8.88E-16,0,1,0.047019927,1.762105823,-5.8
2023-10-25,0,0.029210913,-1.29E-33,8.88E-16,0,1,0.049878782,2.533499479,-7.1
2023-10-26,0,0.029210913,-1.29E-33,8.88E-16,0,1,0.048161256,2.943495512,-8.5
2023-10-27,0,0.029210913,-1.29E-33,8.88E-16,0,1,0.052601865,2.005288124,-9.5
2023-10-28,0,0.029210913,-1.29E-33,8.88E-16,0,1,0.040067056,1.908772588,-12.4
2023-10-29,0,0.029210913,-1.29E-33,8.88E-16,0,1,0.04011708,2.38850379,-12.3
2023-10-30,1,0.029210913,-1.29E-33,8.88E-16,0,1,0.047237033,2.214201927,-14.7
2023-10-31,0,0.029210913,-1.29E-33,8.88E-16,0,1,0.047576675,2.049875736,-13.4
2023-11-01,0,0.04,0.001155974,0.000642208,0,1,0.049864652,1.992304087,-13.8
2023-11-02,1,0.04,0.001926623,0.000642208,0,1,0.048351413,2.021001186,-12.2
2023-11-03,0,0.04,0.002311947,0.000256883,0,1,0.046290768,1.749256253,-17.7
2023-11-04,0,0.04,0.002311947,-0.000256883,0,1,0.042993831,2.553126335,-17.7
2023-11-05,0,0.04,0.001926623,-0.000642208,1,1,0.041766648,2.393065214,-13.9
2023-11-06,1,100.03,10.71437026,5.951143507,0,1,0.044009557,4.118296623,-16.9
2023-11-07,0,0.04,7.142142857,-6.66E-16,0,1,0.04170558,2.574693918,-14
2023-11-08,3,0.04,3.571071429,-3.571071429,0,1,0.04193333,3.134460688,-16
2023-11-09,1,0.04,8.88E-16,-4.761428571,0,1,0.043693682,2.023523092,-19.6
2023-11-10,1,0.04,-3.571071311,-3.571071429,0,1,0.041690744,2.226907492,-21.6
2023-11-11,0,0.04,-7.142142857,-1.11E-15,0,1,0.043456702,3.110670805,-25.3
2023-11-12,0,0.04,-10.71321429,5.951785714,0,1,0.047887088,2.97231555,-17.5
2023-11-13,0,0.04,2.22E-16,1.71E-16,0,1,0.045492599,2.192116022,-19.1
2023-11-14,0,0.04,2.22E-16,1.71E-16,0,1,0.048346168,1.992613316,-24.3
2023-11-15,0,0.04,2.22E-16,1.71E-16,0,1,0.049605331,2.190090895,-17.9
2023-11-16,0,0.04,2.22E-16,1.71E-16,0,1,0.046486268,2.30130291,-15.8
2023-11-17,0,0.04,2.22E-16,1.71E-16,0,1,0.04103259,3.293103695,-12
2023-11-18,0,0.04,2.22E-16,1.71E-16,0,1,0.040100813,2.128619194,-11.3
2023-11-19,0,0.04,2.22E-16,1.71E-16,0,1,0.043941056,2.841241598,-17.7
2023-11-20,0,0.04,2.22E-16,1.71E-16,0,1,0.046937654,3.219491005,-14.2
2023-11-21,0,0.04,2.22E-16,1.71E-16,0,1,0.048627539,2.001720905,-17.6
2023-11-22,0,0.04,2.22E-16,1.71E-16,0,1,0.044590341,1.917125344,-19.1
2023-11-23,0,0.04,2.22E-16,1.71E-16,0,1,0.039964696,2.001271679,-13.3
2023-11-24,0,0.04,2.22E-16,1.71E-16,0,1,0.04301394,2.876296282,-18.7
2023-11-25,0,0.04,2.22E-16,1.71E-16,0,1,0.047547611,2.651298523,-16.9
2023-11-26,0,0.04,2.22E-16,1.71E-16,0,1,0.043538721,2.164133787,-18.1
2023-11-27,0,0.04,2.22E-16,1.71E-16,0,1,0.042635867,2.381377459,-20.2
2023-11-28,0,0.04,2.22E-16,1.71E-16,0,1,0.043006076,4.033912659,-11.2
2023-11-29,0,0.04,2.22E-16,1.71E-16,0,1,0.04068304,2.834182501,-17
2023-11-30,0,0.04,2.22E-16,1.71E-16,0,1,0.044287041,3.137466908,-23.8
2023-12-01,0,0.04,2.22E-16,1.71E-16,0,1,0.04215415,2.776932478,-23.3
2023-12-02,0,0.04,2.22E-16,1.71E-16,0,1,0.045222683,3.137501717,-26.2
2023-12-03,0,0.04,2.22E-16,1.71E-16,0,1,0.044155938,2.510411501,-25.5
2023-12-04,0,0.04,2.22E-16,1.71E-16,0,1,0.040445798,2.608695745,-27
2023-12-05,0,0.04,2.22E-16,1.71E-16,0,1,0.044610772,3.382802963,-24.4
2023-12-06,0,0.04,2.22E-16,1.71E-16,0,1,0.044198571,2.797644138,-18.7
2023-12-07,0,0.04,2.22E-16,1.71E-16,0,1,0.04059542,3.52472949,-14.3
2023-12-08,0,0.04,2.22E-16,1.71E-16,0,1,0.043121339,2.969749689,-15.7
2023-12-09,0,0.04,2.22E-16,1.71E-16,0,1,0.047154909,2.64213109,-24.9
2023-12-10,0,0.04,2.22E-16,1.71E-16,0,1,0.041543793,3.467699051,-22
2023-12-11,0,0.04,2.22E-16,1.71E-16,0,1,0.036985067,3.986905575,-16.7
2023-12-12,0,0.04,2.22E-16,1.71E-16,0,1,0.045701478,2.084141254,-21.1
2023-12-13,0,0.04,2.22E-16,1.71E-16,0,1,0.041579122,3.347965717,-24.9
2023-12-14,0,0.04,2.22E-16,1.71E-16,0,1,0.042516986,3.031731367,-23.9
2023-12-15,0,0.04,2.22E-16,1.71E-16,0,1,0.041514166,3.606712341,-19.8
2023-12-16,0,0.04,2.22E-16,1.71E-16,0,1,0.046119189,3.221346855,-20.7
2023-12-17,0,0.04,2.22E-16,1.71E-16,0,1,0.040283663,3.383788586,-21.4
2023-12-18,0,0.04,2.22E-16,1.71E-16,0,1,0.042868207,3.042142153,-18.5
2023-12-19,0,0.04,2.22E-16,1.71E-16,0,1,0.043995258,2.731791496,-15.3
2023-12-20,0,0.04,2.22E-16,1.71E-16,0,1,0.043404305,2.241144896,-18.8
2023-12-21,0,0.04,2.22E-16,1.71E-16,0,1,0.040407689,2.448328733,-26.1
2023-12-22,0,0.04,2.22E-16,1.71E-16,0,1,0.042553006,2.647862911,-30.7
2023-12-23,0,0.04,2.22E-16,1.71E-16,0,1,0.042982975,3.714315891,-24.9
2023-12-24,0,0.04,2.22E-16,1.71E-16,0,1,0.039897522,2.317944241,-21.8
2023-12-25,0,0.04,2.22E-16,1.71E-16,0,1,0.047059564,2.208680868,-20.2
2023-12-26,0,0.04,2.22E-16,1.71E-16,0,1,0.039962331,3.196656466,-20.6
2023-12-27,0,0.04,2.22E-16,1.71E-16,0,1,0.045755794,4.556574821,-18.8
2023-12-28,0,0.04,2.22E-16,1.71E-16,0,1,0.047358731,3.652096748,-19.8
2023-12-29,0,92.03,9.856071429,5.475595238,0,1,0.042655446,3.275821209,-18.9
2023-12-30,0,0.04,6.570714286,-6.66E-16,0,1,0.040234009,3.472273588,-15.7
2023-12-31,0,0.04,3.285357143,-3.285357143,0,1,0.038931532,2.548377514,-22.8
2024-01-01,0,0.04,2.22E-16,-4.38047619,0,1,0.041094406,2.404057503,-32.2
2024-01-02,0,0.04,-3.285357143,-3.285357143,0,1,0.041913124,2.535260439,-34.9
2024-01-03,1,0.04,-6.570714286,1.22E-15,0,1,0.044506507,2.225441694,-33.6
2024-01-04,0,0.04,-9.856071429,5.475595238,0,1,0.046130093,2.70169878,-28.3
2024-01-05,0,0.04,2.22E-16,1.71E-16,1,1,0.042210264,2.463890553,-30.6
2024-01-06,1,0.04,2.22E-16,1.71E-16,0,1,0.043900857,2.94963789,-36.1
2024-01-07,0,0.04,2.22E-16,1.71E-16,0,1,0.044268414,2.232974291,-34.6
2024-01-08,0,0.04,2.22E-16,1.71E-16,1,1,0.046847789,2.413618565,-32.8
2024-01-09,0,0.04,2.22E-16,1.71E-16,0,1,0.046597669,2.118605852,-34.1
2024-01-10,0,0.04,2.22E-16,1.71E-16,0,1,0.043865314,2.927109718,-33.2
2024-01-11,0,0.04,2.22E-16,1.71E-16,0,1,0.049808855,4.881022453,-22.3
2024-01-12,1,0.04,2.22E-16,1.71E-16,0,1,0.043099781,3.581843615,-21.3
2024-01-13,0,0.04,2.22E-16,1.71E-16,0,1,0.045007727,2.109629393,-29.1
2024-01-14,0,0.04,2.22E-16,1.71E-16,0,1,0.042052766,5.620834827,-25.9
2024-01-15,0,0.04,2.22E-16,1.71E-16,0,1,0.042546574,3.291058302,-22.7
2024-01-16,0,0.04,2.22E-16,1.71E-16,0,1,0.043494818,3.704779863,-27.7
2024-01-17,0,0.04,2.22E-16,1.71E-16,0,1,0.038138174,3.388642073,-28.4
2024-01-18,0,0.04,2.22E-16,1.71E-16,0,1,0.04376782,2.968161821,-20
2024-01-19,0,0.04,2.22E-16,1.71E-16,0,1,0.044240804,2.675964832,-21.5
2024-01-20,1,0.04,2.22E-16,1.71E-16,0,1,0.043502692,3.075983047,-24.1
2024-01-21,1,0.04,2.22E-16,1.71E-16,0,1,0.045296614,2.577825546,-27.2
2024-01-22,1,0.04,2.22E-16,1.71E-16,0,1,0.048574893,2.364425659,-31.1
2024-01-23,0,0.04,2.22E-16,1.71E-16,0,1,0.047269177,3.613209248,-34.9
2024-01-24,0,0.04,2.22E-16,1.71E-16,0,1,0.043927932,1.775307059,-36.7
2024-01-25,0,0.04,2.22E-16,1.71E-16,0,1,,1.839227128,-35.3
2024-01-26,0,0.04,2.22E-16,1.71E-16,0,1,0.044423661,1.863046646,-33.7
2024-01-27,0,0.04,2.22E-16,1.71E-16,0,1,0.043415493,2.368181229,-33.6
2024-01-28,2,0.04,2.22E-16,1.71E-16,1,1,0.042556869,2.404439926,-36.9
2024-01-29,0,0.04,2.22E-16,1.71E-16,0,1,0.045871223,1.562263012,-38.3
2024-01-30,0,0.04,2.22E-16,1.71E-16,0,1,0.048345608,2.282568979,-36.4
2024-01-31,0,0.04,2.22E-16,1.71E-16,0,1,0.044592081,2.653406143,-32.9
2024-02-01,0,0.04,2.22E-16,1.71E-16,0,1,0.04658498,1.901198745,-39.6
2024-02-02,1,0.04,2.22E-16,1.71E-16,0,1,0.044480274,2.098315239,-39.1
2024-02-03,0,0.04,2.22E-16,1.71E-16,0,1,0.044771655,2.06858182,-34.2
2024-02-04,0,0.04,2.22E-16,1.71E-16,0,1,0.046876469,1.834478498,-34.9
2024-02-05,0,0.04,2.22E-16,1.71E-16,0,1,0.042037331,1.777365446,-31.7
2024-02-06,0,0.04,2.22E-16,1.71E-16,0,1,0.046917794,3.709946394,-28.7
2024-02-07,1,0.04,2.22E-16,1.71E-16,0,1,0.043603749,2.214105606,-29.4
2024-02-08,1,0.04,2.22E-16,1.71E-16,0,1,0.048207524,1.608605742,-30.7
2024-02-09,8,0.04,2.22E-16,1.71E-16,0,1,0.050549014,2.232166767,-22.7
2024-02-10,0,0.04,2.22E-16,1.71E-16,0,1,0.044054529,1.778990388,-25.9
2024-02-11,0,0.04,2.22E-16,1.71E-16,0,1,0.042641348,2.143168688,-21.6
2024-02-12,0,0.04,2.22E-16,1.71E-16,0,1,0.041770701,1.899738312,-16.1
2024-02-13,1,0.04,2.22E-16,1.71E-16,0,1,0.043496663,1.793288112,-21
2024-02-14,0,0.04,2.22E-16,1.71E-16,0,1,0.04187535,1.909746133,-23.9
2024-02-15,0,0.04,2.22E-16,1.71E-16,0,1,0.043786181,1.687832117,-30
2024-02-16,0,0.04,2.22E-16,1.71E-16,0,1,0.044576944,,-30.9
2024-02-17,0,0.04,2.22E-16,1.71E-16,0,1,0.045127681,1.66468823,-30.7
2024-02-18,0,0.04,2.22E-16,1.71E-16,0,1,0.042707048,2.759811163,-28.7
2024-02-19,0,0.04,2.22E-16,1.71E-16,0,1,0.046289489,1.588537216,-28.2
2024-02-20,0,0.04,2.22E-16,1.71E-16,0,1,0.045489358,1.798296809,-32.3
2024-02-21,0,0.04,2.22E-16,1.71E-16,0,1,0.0450466,1.428548932,-34.3
2024-02-22,0,0.04,2.22E-16,1.71E-16,0,1,0.043556644,1.757343937,-40.6
2024-02-23,0,0.04,2.22E-16,1.71E-16,0,1,0.045202417,1.669355035,-30.7
2024-02-24,0,0.04,2.22E-16,1.71E-16,0,1,0.044425458,1.577934861,-33.9
2024-02-25,0,0.04,2.22E-16,1.71E-16,0,1,0.052257894,1.681600451,-36.4
2024-02-26,0,0.04,2.22E-16,1.71E-16,0,1,0.052423814,1.556612849,-28
2024-02-27,0,0.04,2.22E-16,1.71E-16,0,1,0.049072526,1.647362113,-30.5
2024-02-28,1,0.04,2.22E-16,1.71E-16,0,1,0.054403922,1.885566115,-36.7
2024-02-29,0,0.04,2.22E-16,1.71E-16,0,1,0.042970331,2.711275101,-24.8
2024-03-01,0,0.04,2.22E-16,1.71E-16,0,1,0.043899637,1.473201752,-34.8
2024-03-02,1,0.04,2.22E-16,1.71E-16,0,1,0.046274614,1.942449212,-29.3
2024-03-03,0,0.04,2.22E-16,1.71E-16,0,1,0.048339302,1.690379739,-29.1
2024-03-04,0,0.04,2.22E-16,1.71E-16,0,1,0.048018029,1.699421406,-32
2024-03-05,0,0.04,2.22E-16,1.71E-16,0,1,0.045080198,1.274493575,-33.4
2024-03-06,1,0.04,2.22E-16,1.71E-16,0,1,0.045343986,1.55999279,-28.5
2024-03-07,0,0.04,2.22E-16,1.71E-16,0,1,0.048408406,1.497642756,-33.2
2024-03-08,0,0.04,2.22E-16,1.71E-16,3,1,0.046630836,1.359452724,-30.3
2024-03-09,0,0.04,2.22E-16,1.71E-16,1,1,0.044359935,1.845477223,-26.7
2024-03-10,0,0.04,2.22E-16,1.71E-16,0,1,0.0460849,1.343255639,-22.2
2024-03-11,2,0.04,2.22E-16,1.71E-16,0,1,0.041017113,1.18306005,-24
2024-03-12,0,0.04,2.22E-16,1.71E-16,0,1,0.042381428,1.851585627,-21.1
2024-03-13,0,0.04,2.22E-16,1.71E-16,0,1,0.043483311,1.541859627,-17.8
2024-03-14,2,0.04,2.22E-16,1.71E-16,0,1,0.048869602,1.472659588,-17.7
2024-03-15,0,0.04,2.22E-16,1.71E-16,0,1,0.046532501,1.615421653,-14.3
2024-03-16,0,0.04,2.22E-16,1.71E-16,0,1,0.046727555,1.622030139,-15.7
2024-03-17,0,0.04,2.22E-16,1.71E-16,0,1,0.044532979,1.314346313,-15.2
2024-03-18,1,0.04,2.22E-16,1.71E-16,0,1,0.05042638,1.531189627,-16.3
2024-03-19,0,0.04,2.22E-16,1.71E-16,0,1,0.042761371,1.272762656,-14.3
2024-03-20,1,0.04,2.22E-16,1.71E-16,0,1,0.045816597,1.500800371,-17.7
2024-03-21,2,0.04,2.22E-16,1.71E-16,0,1,0.043857658,1.297556758,-18.1
2024-03-22,0,0.04,2.22E-16,1.71E-16,0,1,0.045321861,1.665660143,-17.1
2024-03-23,1,0.04,2.22E-16,1.71E-16,0,1,0.048704575,1.517159224,-20.5
2024-03-24,0,0.04,2.22E-16,1.71E-16,0,1,0.043346977,1.335314751,-26.6
2024-03-25,0,0.04,2.22E-16,1.71E-16,0,1,0.049442313,2.007635593,-27.4
2024-03-26,0,0.04,2.22E-16,1.71E-16,0,1,0.044780423,2.090045214,-26.7
2024-03-27,1,0.04,2.22E-16,1.71E-16,0,1,0.046205503,1.567568779,-25.9
2024-03-28,0,0.04,2.22E-16,1.71E-16,0,1,0.045085887,1.378797412,-14.4
2024-03-29,0,0.04,2.22E-16,1.71E-16,0,1,0.045593777,1.530204654,-10.5
2024-03-30,0,0.04,2.22E-16,1.71E-16,0,1,0.049796546,1.455677867,-8.4
2024-03-31,0,0.04,2.22E-16,1.71E-16,10,1,0.051486108,1.454291344,-10.1
2024-04-01,0,0.04,2.22E-16,1.71E-16,0,1,0.044020666,1.242080688,-17.7
2024-04-02,1,0.04,2.22E-16,1.71E-16,0,1,0.045083257,1.564175963,-12.6
2024-04-03,0,74.03,7.9275,4.404166667,0,1,0.045075623,2.037385702,-10.4
2024-04-04,0,0.04,5.285,-2.22E-16,0,1,0.046350705,1.587608814,-12.7
2024-04-05,0,0.04,2.6425,-2.6425,0,1,0.041009748,1.328561306,-10
2024-04-06,0,0.04,2.22E-16,-3.523333333,0,1,0.044089278,1.374105215,-11.4
2024-04-07,0,0.04,-2.6425,-2.6425,0,1,0.0448927,1.794821978,-14.1
2024-04-08,0,0.04,-5.285,3.33E-16,0,1,0.047305448,1.785931468,-14.2
2024-04-09,1,0.04,-7.9275,4.404166667,1,1,0.046211796,1.783778191,-19
2024-04-10,0,0.04,2.22E-16,1.71E-16,0,1,0.048353271,1.699142694,-19.1
2024-04-11,0,0.04,2.22E-16,1.71E-16,1,1,0.04786508,2.157187939,-12.9
2024-04-12,0,0.04,2.22E-16,1.71E-16,0,1,0.047875138,1.309988499,-4.8
2024-04-13,0,0.04,2.22E-16,1.71E-16,0,1,0.046959631,2.091829777,-11
2024-04-14,0,100.03,10.71321429,5.951785714,0,1,0.043045517,1.911091208,-10.3
2024-04-15,0,0.04,7.142142857,-6.66E-16,0,1,0.045565212,1.741199255,-8.8
2024-04-16,0,0.04,3.571071429,-3.571071429,0,1,0.052497842,2.231342793,-11.3
2024-04-17,0,0.04,8.88E-16,-4.761428571,0,1,0.043275413,1.49935174,-19.9
2024-04-18,0,0.04,-3.571071311,-3.571071429,0,1,0.049058122,1.367737651,-14.5
2024-04-19,0,100.03,3.571071429,5.951785714,0,1,0.048914763,2.064239025,-12.8
2024-04-20,0,0.04,-3.571071429,5.951785578,0,1,0.048846045,1.28657639,-8.2
2024-04-21,0,0.04,3.571071429,-3.571071429,0,1,0.04728535,1.842347503,-12.6
2024-04-22,0,0.04,5.55E-16,-4.761428571,0,1,0.050015515,1.544696331,-18
2024-04-23,0,0.04,-3.571071429,-3.571071429,0,1,0.049586928,1.702692032,-22.9
2024-04-24,0,0.04,-7.142142857,-8.88E-16,0,1,0.045581853,1.397110105,-19.1
2024-04-25,0,0.04,-10.71321429,5.951785714,0,1,0.045869225,1.222324252,-20.5
2024-04-26,0,0.04,2.22E-16,1.71E-16,0,1,0.045720555,1.636160254,-20.2
2024-04-27,0,0.04,2.22E-16,1.71E-16,0,1,0.055802219,2.111587286,-21.4
2024-04-28,0,0.04,2.22E-16,1.71E-16,0,1,0.045295034,1.821091652,-11.3
2024-04-29,0,0.04,2.22E-16,1.71E-16,5,1,0.04756989,1.62122643,-16
2024-04-30,0,0.04,2.22E-16,1.71E-16,2,1,0.043684004,1.934740543,-19.9
2024-05-01,0,0.04,2.22E-16,1.71E-16,0,1,0.043776942,1.457412362,-16.1
2024-05-02,0,0.04,2.22E-16,1.71E-16,0,1,0.043451747,1.380689621,-14.5
2024-05-03,0,0.04,2.22E-16,1.71E-16,0,1,0.042566565,1.394963622,-14.1
2024-05-04,1,0.04,2.22E-16,1.71E-16,0,1,0.050198911,1.520339131,-11.7
2024-05-05,0,0.04,2.22E-16,1.71E-16,1,1,0.0490817,1.508666158,-4.3
2024-05-06,0,69.03,7.391785714,4.106547619,0,1,0.04496651,1.508384466,-7.9
2024-05-07,0,84.03,13.92678571,4.999404753,0,1,0.045032614,1.945358753,-9.5
2024-05-08,0,0.04,8.463214286,-2.463928571,1,1,0.04387887,1.413254142,-13.7
2024-05-09,0,0.04,2.999642857,-6.284880952,0,1,0.041780901,1.427999973,-12.2
2024-05-10,0,0.04,-2.463928571,-6.463452381,0,1,0.042753698,2.100548029,-10.6
2024-05-11,0,0.04,-7.9275,-2.999642857,0,1,0.043247962,1.687461376,-8.1
2024-05-12,1,0.04,-13.39107143,4.106547619,0,1,0.049435409,1.872888684,-2.5
