Date,HPAI,GT,GT_1st_Order,GT_2nd_Order,GN,FB,Reddit,CO,UV,Min_Temperature,GDELT
2021-11-04,1,0.017898564,0.001953176,0.00021702,6,0,2,0.050459335,5.386659145,-25.5,0.0003
2021-11-05,0,0.017898564,0.001627647,0.000542549,8,0,2,0.054619387,5.047615051,-23.7,0.0017
2021-11-06,0,0.017898564,0.000976588,0.000542549,1,0,0,0.046450691,3.785102129,-26.2,0
2021-11-07,0,0.017898564,-2.22E-16,5.55E-16,2,0,0,0.068745251,5.535794258,-27.8,0
2021-11-08,0,0.017898564,-2.22E-16,5.55E-16,10,0,0,0.050934294,5.700202465,-26.7,0.0003
2021-11-09,0,0.017898564,-2.22E-16,5.55E-16,8,0,1,0.048154117,4.143108368,-28.8,0.0011
2021-11-10,0,0.017898564,-2.22E-16,5.55E-16,10,0,0,0.051372441,4.982435226,-29.2,0.001
2021-11-11,0,0.017898564,-2.22E-16,5.55E-16,2,0,0,0.052979241,3.842770576,-28.8,0.0005
2021-11-12,0,0.017898564,-2.22E-16,5.55E-16,8,0,0,0.04986676,4.164361954,-29.3,0.0008
2021-11-13,0,0.017898564,-2.22E-16,5.55E-16,1,0,1,0.061105689,5.491707325,-30.8,0
2021-11-14,0,0.017898564,-2.22E-16,5.55E-16,3,0,0,0.046459941,4.665265083,-32.7,0
2021-11-15,0,0.017898564,-2.22E-16,5.55E-16,6,0,1,0.046898253,4.790747643,-30,0.0006
2021-11-16,0,0.017898564,-2.22E-16,5.55E-16,8,0,1,0.047027102,3.704494476,-31.9,0.0005
2021-11-17,0,0.017898564,-2.22E-16,5.55E-16,10,0,2,0.047198797,4.035366535,-33.1,0
2021-11-18,0,0.017898564,-2.22E-16,5.55E-16,5,0,1,0.056644588,5.812440872,-37,0.0016
2021-11-19,0,0.017898564,-2.22E-16,5.55E-16,6,0,0,0.10474712,6.650570393,-36.7,0.0003
2021-11-20,0,0.017898564,-2.22E-16,5.55E-16,3,0,1,0.049138369,3.448750019,-39.8,0.0005
2021-11-21,0,0.017898564,-2.22E-16,5.55E-16,4,0,1,0.049409671,5.287688255,-37.6,0.001
2021-11-22,0,0.017898564,-2.22E-16,5.55E-16,11,0,2,0.043999474,5.180926323,-40.3,0
2021-11-23,0,0.017898564,-2.22E-16,5.55E-16,4,0,0,0.112246741,4.985206604,-38.4,0.0003
2021-11-24,0,0.017898564,-2.22E-16,5.55E-16,8,0,0,0.085033062,5.344302177,-38.3,0.0003
2021-11-25,0,0.017898564,-2.22E-16,5.55E-16,9,0,0,0.047069439,6.481536388,-36.8,0
2021-11-26,1,0.017898564,-2.22E-16,5.55E-16,8,0,2,0.048047849,5.224433422,-35.1,0
2021-11-27,0,0.017898564,-2.22E-16,5.55E-16,8,0,0,0.05165997,5.054340839,-37.3,0.0005
2021-11-28,0,0.017898564,-2.22E-16,5.55E-16,1,0,0,0.046311239,5.99234581,-41,0.0005
2021-11-29,0,0.017898564,-2.22E-16,5.55E-16,10,0,2,0.05256675,3.909317732,-43,0.0003
2021-11-30,0,8.949281852,-0.956933924,0.531629958,5,0,2,0.047666809,4.640891552,-44.1,0
2021-12-01,0,0.017898564,-0.637955949,3.33E-16,9,0,0,0.047661537,5.398188591,-40.3,0.001
2021-12-02,0,0.017898564,-0.318977975,-0.318977975,6,0,1,0.050497609,6.443781376,-39,0.0003
2021-12-03,0,0.017898564,0,-0.425303966,6,0,1,0.045349648,4.653922558,-41.4,0
2021-12-04,0,0.017898564,0.318977975,-0.318977975,5,0,0,0.048324561,5.785759449,-44.6,0.0009
2021-12-05,0,0.017898564,0.637955949,1.11E-16,3,0,0,0.050102534,11.81763649,-45.3,0
2021-12-06,0,0.017898564,0.956933924,0.531629958,8,0,0,0.048465906,3.731965065,-40.7,0.0003
2021-12-07,0,0.017898564,-2.22E-16,5.55E-16,2,0,5,0.049126389,3.621720552,-38.1,0
2021-12-08,0,0.017898564,-2.22E-16,5.55E-16,10,0,0,0.054206682,4.358706951,-38.4,0.0003
2021-12-09,0,0.017898564,-2.22E-16,5.55E-16,12,0,0,0.068906817,4.201143742,-34.9,0.0016
2021-12-10,0,0.017898564,-2.22E-16,5.55E-16,14,0,0,0.053398675,5.149199486,-33.1,0
2021-12-11,0,0.017898564,-2.22E-16,5.55E-16,5,0,1,0.04966148,6.082933903,-35.3,0.0017
2021-12-12,1,0.017898564,-2.22E-16,5.55E-16,5,0,0,0.045238753,7.22059536,-36.1,0.0005
2021-12-13,0,0.017898564,-2.22E-16,5.55E-16,7,0,0,0.049953395,5.67650938,-37.8,0
2021-12-14,0,0.017898564,-2.22E-16,5.55E-16,7,0,2,0.085625474,4.897269726,-38.6,0
2021-12-15,0,0.017898564,-2.22E-16,5.55E-16,13,0,0,0.052453815,4.649848938,-39.4,0.0003
2021-12-16,0,0.017898564,-2.22E-16,5.55E-16,6,0,0,0.049248813,4.240476608,-44.6,0.0003
2021-12-17,0,0.017898564,-2.22E-16,5.55E-16,7,0,1,0.046642101,4.897614002,-42.5,0.0011
2021-12-18,0,0.017898564,-2.22E-16,5.55E-16,5,0,1,0.045578188,3.62249589,-42.4,0.0044
2021-12-19,0,0.017898564,-2.22E-16,5.55E-16,1,0,4,0.108322923,6.80066967,-42.7,0.0005
2021-12-20,0,0.017898564,-2.22E-16,5.55E-16,6,0,4,0.052219262,4.071334362,-41.4,0.0003
2021-12-21,0,0.017898564,-2.22E-16,5.55E-16,13,0,2,0.04796445,4.778793812,-43.3,0.0003
2021-12-22,0,0.017898564,-2.22E-16,5.55E-16,8,0,0,0.046885142,6.258654118,-43.4,0.0017
2021-12-23,0,8.949281852,-0.956933924,0.531629958,4,0,5,0.049040263,7.458320141,-42.8,0.0095
2021-12-24,2,10.73913822,-1.786660198,0.638169027,3,0,1,0.048440837,4.73985815,-43,0.0004
2021-12-25,0,0.017898564,-1.084780807,-0.318977975,3,0,2,0.058832774,4.159313679,-41.9,0
2021-12-26,0,0.017898564,-0.382901416,-0.808205382,7,0,0,0.052120609,5.572908878,-47.8,0.0006
2021-12-27,0,7.159425481,-0.446185624,-0.404422308,5,0,2,0.049469888,3.981520891,-44.9,0.0007
2021-12-28,0,178.985637,-18.66436644,10.26994016,8,0,0,0.045951145,5.832378387,-42.1,0
2021-12-29,1,64.43482933,-18.21754168,4.110916542,8,0,1,0.048609291,5.036692142,-42.8,0.0003
2021-12-30,0,41.16669652,-14.25300982,-3.644275417,6,0,1,0.071118499,4.629503727,-41,0.0006
2021-12-31,0,28.63770193,-8.051157602,-9.37437274,7,0,5,0.048636062,3.652692556,-44.1,0.0023
2022-01-01,0,10.73913822,2.239238166,-10.29060874,3,0,2,0.049393101,4.657876015,-45.8,0.0007
2022-01-02,0,8.949281852,13.10430557,-4.325486228,4,0,1,0.050196368,4.067860603,-45.1,0.0006
2022-01-03,0,8.949281852,23.26813281,7.969122411,6,0,0,0.054168966,5.490995884,-45.9,0
2022-01-04,0,10.73913822,8.757511526,2.620861114,8,0,2,0.06197609,4.013372898,-48.3,0.003
2022-01-05,0,0.017898564,5.751192059,1.322149855,12,0,0,0.047527514,5.127277374,-47.6,0.0003
2022-01-06,0,17.8985637,1.852501343,1.640701677,14,0,1,0.050681679,5.834452629,-50,0.0012
2022-01-07,1,125.2899459,-12.59355727,7.265325317,29,0,4,0.053435786,5.531206608,-43.7,0.0006
2022-01-08,0,30.4275583,-10.86698511,1.320232151,8,0,4,0.062203864,5.770378113,-46.9,0.0009
2022-01-09,0,10.73913822,-6.072087736,-4.155662951,3,0,0,0.07880231,8.667433739,-49.8,0
2022-01-10,0,7.159425481,-0.829726275,-6.626730133,7,0,1,0.046017648,3.31819582,-46.3,0.0009
2022-01-11,0,7.159425481,4.093017978,-5.879891255,6,0,0,0.050058348,6.261790752,-45.1,0.0003
2022-01-12,1,0.017898564,11.18468461,-0.787323725,13,0,2,0.074332771,4.202235222,-45.3,0.0011
2022-01-13,0,12.52899459,14.38149594,7.223348836,6,0,0,0.063143591,3.487172365,-43.3,0.0013
2022-01-14,1,0.017898564,3.385385478,1.214971558,12,0,0,0.04857389,4.534440517,-42.7,0.0006
2022-01-15,0,16.10870733,-0.256972236,0.894075873,9,0,4,0.045659301,3.850564003,-40.3,0.0014
2022-01-16,0,8.949281852,-0.831004743,0.360954368,5,0,0,0.048615469,5.305689335,-41.8,0.0005
2022-01-17,0,0.017898564,-0.000639234,-0.596405712,8,0,2,0.049156738,5.511296749,-43.1,0.0003
2022-01-18,1,0.017898564,0.574671742,-1.085206964,10,0,3,0.05034533,2.989373446,-44.7,0.0006
2022-01-19,0,0.017898564,1.915146316,-0.255267611,9,0,3,0.053493677,4.114653587,-40.2,0.001
2022-01-20,0,0.017898564,1.468321458,-0.318977975,16,0,3,0.04641755,4.034700871,-39.8,0.0005
2022-01-21,0,0.017898564,2.361971174,0.95778624,11,0,0,0.045514917,3.154716492,-40.5,0.0006
2022-01-22,1,0.017898564,0.956933924,0.531629958,5,0,3,0.05196259,7.613298416,-40.9,0
2022-01-23,0,0.017898564,-2.22E-16,5.55E-16,4,0,1,0.048229527,4.838618279,-40.5,0
2022-01-24,0,0.017898564,-2.22E-16,5.55E-16,13,0,0,0.048863547,3.145012379,-39.7,0.0009
2022-01-25,0,0.017898564,-2.22E-16,5.55E-16,10,0,1,0.074773665,5.238567352,-41.1,0
2022-01-26,9,0.017898564,-2.22E-16,5.55E-16,8,0,1,0.049602008,3.24980092,-40.1,0
2022-01-27,5,0.017898564,-2.22E-16,5.55E-16,9,0,0,0.049073754,2.78416872,-41.5,0.0008
2022-01-28,0,0.017898564,-2.22E-16,5.55E-16,4,0,0,0.046916933,4.305589199,-42.1,0
2022-01-29,0,0.017898564,-2.22E-16,5.55E-16,2,0,12,0.053202569,4.558242321,-38.6,0.0004
2022-01-30,0,0.017898564,-2.22E-16,5.55E-16,5,0,1,0.045664199,4.728144169,-41.4,0
2022-01-31,3,0.017898564,-2.22E-16,5.55E-16,5,0,1,0.047823952,4.428582191,-41.1,0
2022-02-01,1,19.68842007,-2.107555876,1.170864376,11,0,7,0.087208584,2.061367512,-43.6,0.0017
2022-02-02,2,8.949281852,-2.361971174,0.531629958,9,0,7,0.066361226,4.2361269,-44.8,0.0003
2022-02-03,0,7.159425481,-2.105638184,-0.277427737,9,0,2,0.047927486,2.360774517,-49.6,0.0003
2022-02-04,1,14.31885096,-2.36133194,-0.404422308,7,1,4,0.061652223,3.662075996,-49.9,0.0021
2022-02-05,0,8.949281852,-1.53096643,-0.851247167,5,0,2,0.052089971,4.632788658,-47.9,0
2022-02-06,0,0.017898564,0.575310976,-1.169798985,4,0,3,0.063865628,4.147779465,-44.2,0
2022-02-07,1,0.017898564,2.681588383,-0.084165865,11,0,3,0.051365139,2.973530293,-43.3,0
2022-02-08,3,7.159425481,1.212627691,0.02066858,6,0,1,0.048841806,3.26432085,-42.5,0.0008
2022-02-09,1,0.017898564,1.595529107,0.106112913,8,0,2,0.049229349,4.602844238,-44.4,0.0011
2022-02-10,3,8.949281852,0.958212393,1.127822591,14,0,3,0.050574365,4.534042835,-46.8,0.009
2022-02-11,1,7.159425481,-0.446185624,0.616648135,12,0,4,0.052381467,2.77379179,-45.1,0.0011
2022-02-12,3,0.017898564,-0.574032507,-0.574032507,7,0,1,0.049517838,4.196671009,-41.4,0.0018
2022-02-13,1,0.017898564,0.255054533,-0.680358499,1,0,1,0.051673803,3.360296965,-41.3,0
2022-02-14,0,5.369569111,0.5107483,0.084592021,8,1,3,0.073451037,3.178041935,-40.1,0.0009
2022-02-15,2,8.949281852,-0.446185624,0.276575425,18,0,0,0.077172678,2.534844875,-41.4,0.005
2022-02-16,2,8.949281852,-0.318977975,0.872128824,13,1,1,0.05986111,2.710678577,-42.4,0.0016
2022-02-17,0,0.017898564,-0.191770325,-0.148728541,13,0,2,0.077823594,3.432015181,-42.3,0.0011
2022-02-18,3,7.159425481,-0.893010482,-0.510322144,20,0,1,0.045890383,3.464013338,-41.1,0.0014
2022-02-19,0,0.017898564,0.191131077,-0.744281941,10,0,0,0.051422905,3.225239038,-45.9,0.0009
2022-02-20,0,14.31885096,-0.256972236,0.595766478,9,0,1,0.055384487,2.194647074,-43.7,0.003
2022-02-21,1,5.369569111,0,0.510109066,10,0,0,0.052551989,2.087870598,-43.4,0
2022-02-22,2,0.017898564,0.318977975,-0.234172875,21,0,0,0.123193657,2.861220837,-42.4,0.0006
2022-02-23,4,7.159425481,-0.446185624,-0.447037936,14,0,0,0.049497477,3.610488892,-44,0.0005
2022-02-24,1,7.159425481,0.000639234,0.084592021,12,0,0,0.047365071,2.193280697,-42.5,0.0008
2022-02-25,1,7.159425481,-0.317699506,-0.021094736,8,0,4,0.047640645,2.503470898,-40.5,0.0003
2022-02-26,1,0.017898564,1.149343481,0.256119923,5,0,0,0.049118582,2.051789284,-38.7,0
2022-02-27,0,0.017898564,0.573393273,-0.531629958,3,0,0,0.090146698,2.031636,-36.4,0.0005
2022-02-28,0,5.369569111,0.191770325,-0.276575425,10,0,1,0.050691567,2.779158115,-42.4,0.0012
2022-03-01,1,5.369569111,0.574671742,0.488588173,13,0,1,0.057199701,2.389671326,-41.1,0.0003
2022-03-02,2,10.73913822,-0.446824858,0.872128816,20,0,1,0.170979148,2.464838505,-37.3,0.0008
2022-03-03,1,7.159425481,-0.956933924,0.40420923,7,0,4,0.053316787,2.202601433,-36.1,0.0003
2022-03-04,0,0.017898564,-0.701879391,-0.828873962,13,0,0,0.163360571,2.272845507,-37,0.0003
2022-03-05,1,0.017898564,0.31833874,-0.956720846,4,0,1,0.051985724,2.246222258,-36.7,0
2022-03-06,0,0.017898564,1.338556871,-0.404422308,3,0,2,0.04951375,2.813133717,-33.4,0
2022-03-07,0,7.159425481,0.82908704,0.488588173,17,0,0,0.051375108,2.729716539,-35.5,0.0006
2022-03-08,2,7.159425481,0.383540651,1.063259915,8,0,2,0.048954258,2.066713095,-31.8,0
2022-03-09,4,5.369569111,-0.573393273,0.488588173,13,0,1,0.05042409,2.105311871,-34.3,0.0005
2022-03-10,0,8.949281852,-1.594250638,-0.063497279,9,0,2,0.047296939,2.215923786,-35.8,0.0008
2022-03-11,5,0.017898564,-0.574032507,-0.786258334,9,1,1,0.050533896,2.007071018,-38,0.0037
2022-03-12,1,0.017898564,0.446185624,-0.828873962,7,0,0,0.049899569,1.727211475,-38.6,0
2022-03-13,1,0.017898564,1.466403755,-0.191344169,6,0,0,0.045554738,2.590321064,-39.3,0.001
2022-03-14,4,0.017898564,1.466403755,0.106112913,19,0,0,0.048976459,2.033222675,-40.3,0.0003
2022-03-15,2,8.949281852,0.254415298,0.850181764,9,1,1,0.049556887,2.238057375,-39.5,0.0008
2022-03-16,1,10.73913822,-0.829726275,1.169798985,13,0,0,0.049541261,2.236826897,-35.3,0.0017
2022-03-17,3,8.949281852,-2.041714731,0.212651983,23,0,0,0.051807743,2.205579281,-35.2,0.0003
2022-03-18,2,5.369569111,-1.594250638,-0.489653564,15,0,4,0.052263121,2.252780437,-35.2,0.0012
2022-03-19,0,7.159425481,-1.14742578,-0.723400287,9,0,2,0.058629617,1.973071337,-35.5,0.0009
2022-03-20,1,5.369569111,-0.253776064,-0.680784655,5,0,1,0.050258068,2.133013725,-34.9,0.0015
2022-03-21,6,10.73913822,0.255693767,0.340925023,21,0,1,0.050954643,2.088812828,-34.2,0
2022-03-22,4,10.73913822,-0.127846884,0.554003162,14,0,4,0.054879572,1.971801162,-33.2,0
2022-03-23,4,0.017898564,0.445546389,-0.361167451,18,0,2,0.055583671,2.247620106,-30.2,0.0006
2022-03-24,1,8.949281852,-0.065201911,-0.234385953,7,0,1,0.0538817,2.684099674,-33.4,0.0008
2022-03-25,3,8.949281852,-0.064562676,0.063284207,17,0,1,0.063002169,1.901317835,-38.5,0
2022-03-26,1,7.159425481,-2.22E-16,0.041763315,3,0,0,0.050663238,2.240166187,-36.6,0
2022-03-27,1,12.52899459,-0.255054533,0.638595184,3,0,0,0.045014461,2.082935095,-37.3,0.0015
2022-03-28,3,21.47827644,-1.980348227,0.916235999,16,0,0,0.047855435,2.084996223,-37.8,0.0015
2022-03-29,4,28.63770193,-4.089182572,0.597684181,24,0,7,0.098065515,2.116530418,-36.5,0.0044
2022-03-30,3,34.00727104,-4.602487809,0.937543817,21,0,1,0.100191703,1.959742665,-33.9,0.0036
2022-03-31,4,23.26813281,-4.027176833,-0.575310976,14,0,0,0.049097487,2.068907022,-33.5,0.0046
2022-04-01,6,19.68842007,-2.556937672,-1.747240757,24,0,2,0.060700687,1.938963294,-34.7,0.0026
2022-04-02,4,25.05798918,-1.022775044,-1.235853208,2,0,1,0.047319196,2.065517187,-36,0.0054
2022-04-03,9,23.26813281,0.575310976,-0.362232849,8,0,3,0.046433739,2.446479559,-37.8,0.001
2022-04-04,15,25.05798918,1.086698511,0.532695348,23,0,0,0.084878974,2.483814001,-35.1,0.0015
2022-04-05,8,41.16669652,-1.022775069,1.747240746,25,1,1,0.058083385,2.710264921,-30.9,0.005
2022-04-06,18,84.12324941,-8.054353667,3.494481485,31,1,0,0.056522483,1.885669827,-31.3,0.0031
2022-04-07,10,37.58698378,-6.775884831,-0.085231256,33,1,9,0.051487596,2.368702412,-28.3,0.0017
2022-04-08,14,55.48554748,-6.39234418,-1.065390699,37,0,4,0.058518792,2.017645359,-28.3,0.0171
2022-04-09,6,34.00727104,-3.19617209,-3.409250229,14,0,1,0.054343856,2.100572109,-28.9,0.0045
2022-04-10,12,37.58698378,0.191770325,-3.047017392,5,0,2,0.051249581,2.108062983,-32.3,0.0067
2022-04-11,14,35.79712741,4.027176833,-0.617926604,34,0,3,0.051826496,2.042580605,-33.7,0.0074
2022-04-12,8,59.06526022,3.451865857,3.579712741,23,0,4,0.049117144,2.121818066,-36.1,0.0108
2022-04-13,4,55.48554748,-2.237320463,1.257161022,13,1,0,0.059773592,4.186855316,-30.8,0.0066
2022-04-14,12,71.59425481,-4.027176833,2.407782949,38,2,5,0.051454651,1.925268769,-28.4,0.0139
2022-04-15,5,55.48554748,-5.433492553,-0.745773488,33,0,0,0.060312232,1.660398602,-30.2,0.0049
2022-04-16,3,48.326122,-3.004401765,-2.194704835,8,0,1,0.062675849,1.938310742,-31.2,0.0074
2022-04-17,8,50.11597837,-0.767081302,-2.258628277,7,0,0,0.047996664,2.381298304,-33.1,0.0027
2022-04-18,3,60.85511659,1.022775112,0.213078139,27,1,0,0.052276291,2.085814238,-31.1,0.0086
2022-04-19,7,53.69569111,1.150621952,0.426156279,22,0,7,0.060127144,2.26260829,-31.3,0.0062
2022-04-20,16,59.06526022,1.022775069,1.491546978,33,2,7,0.064807351,2.177100897,-28.8,0.0176
2022-04-21,19,73.38411118,-2.812631439,1.065390697,29,1,5,0.083637059,2.584872723,-30.4,0.0087
2022-04-22,22,57.27540385,-2.556937672,-0.554003162,18,2,3,0.055512248,2.120054007,-28.2,0.006
2022-04-23,6,46.53626563,-0.063923442,-1.598086045,8,0,4,0.085717264,2.576153755,-30.5,0.006
2022-04-24,17,41.16669652,2.684784604,-1.576778231,4,0,1,0.056663825,2.522513866,-31.1,0.0029
2022-04-25,14,37.58698378,3.963253401,-1.576778231,18,3,1,0.121024125,2.271440506,-26,0.0038
2022-04-26,26,55.48554748,3.515789299,1.086698511,20,0,5,0.079621646,2.412284374,-29,0.0104
2022-04-27,33,69.80439844,0.831004743,3.558404925,41,0,1,0.059547739,2.572731018,-28.2,0.0066
2022-04-28,33,59.06526022,-2.365167347,1.683317291,32,1,6,0.060463957,2.506970882,-24.9,0.0061
2022-04-29,11,51.90583474,-3.004401765,-0.617926604,45,0,5,0.051485198,2.034509659,-24.8,0.0105
2022-04-30,6,55.48554748,-2.684784556,-1.662009487,8,0,2,0.067729193,2.697951794,-23.9,0.012
2022-05-01,3,39.85286768,0.396461143,-2.549910514,3,0,4,0.062922429,2.54070425,-26,0.0069
2022-05-02,20,41.02501085,3.816585149,-0.8181306,14,0,3,0.0971351,4.066721439,-24.8,0.0022
2022-05-03,9,36.33643818,5.304905242,0.398641499,15,0,2,0.114686144,2.886072159,-24.9,0.0066
2022-05-04,10,41.02501085,3.561431353,0.613192972,15,0,9,0.057348564,2.399428434,-23.9,0.0038
2022-05-05,19,57.43501519,0.566070051,1.83376534,15,2,3,0.057087264,2.981647491,-23.7,0.0097
2022-05-06,27,117.2143167,-7.869664382,5.619089323,15,0,8,0.048581765,2.099923611,-25.2,0.0122
2022-05-07,4,62.12358786,-8.581762473,0.767474693,4,1,2,0.065961707,3.321839809,-25.7,0.0062
2022-05-08,5,58.60715835,-6.446787419,-2.455919015,5,0,2,0.053305799,3.528848886,-24,0.0027
2022-05-09,11,41.02501085,-1.925663774,-5.246736081,13,0,4,0.048392589,3.68951416,-21.3,0.0019
2022-05-10,12,39.85286768,3.390842733,-4.423445047,23,0,1,0.082663603,2.210022211,-24.4,0.0017
2022-05-11,10,38.68072451,8.288726681,-0.753520607,22,0,3,0.097801747,7.278868675,-25.1,0.0031
2022-05-12,24,46.88572668,9.879492408,4.297858277,25,0,5,0.072600955,7.522911549,-24.4,0.0065
2022-05-13,9,33.99215185,3.935052061,0.976785973,13,0,5,0.064842741,3.622127056,-24.4,0.0048
2022-05-14,3,30.47572234,3.265255985,0.362806218,6,0,3,0.052171616,3.265292168,-24.8,0.0081
2022-05-15,1,29.30357918,2.093112798,-0.641887925,5,0,12,0.047512746,2.965751886,-22.4,0.0021
2022-05-16,12,26.95929284,2.637322112,-0.404668474,16,0,10,0.044385744,3.324626446,-24.8,0.0022
2022-05-17,5,19.92643384,3.600154019,-0.223265365,24,0,5,0.054514876,3.235341787,-21.8,0.0014
2022-05-18,5,28.13143601,3.139669198,1.018648229,14,0,2,0.050083485,2.889352322,-25.1,0.0025
2022-05-19,11,22.27072017,1.758214754,0.306989877,16,0,4,0.056121643,3.273010969,-21.2,0.0041
2022-05-20,18,31.64786551,0.334898048,0.781428776,26,1,3,0.063044705,2.852658033,-18.1,0.0063
2022-05-21,1,30.47572234,-0.544209328,0.711658356,6,0,0,0.055148028,2.70590663,-14.5,0.01
2022-05-22,8,26.95929284,-0.879107375,0.013954085,3,0,2,0.050368571,2.766530037,-14.9,0.0011
2022-05-23,2,25.78714968,-0.837245119,-0.669796095,11,0,4,0.052823684,2.205868959,-19.4,0.0006
2022-05-24,18,32.82000868,-0.586071584,0.083724512,18,1,6,0.04647121,2.762775898,-20.8,0.0035
2022-05-25,21,28.13143601,-0.544209328,-0.293035792,16,0,13,0.044237921,2.77657795,-21.8,0.0025
2022-05-26,6,21.09857701,1.088418655,-0.223265365,14,0,1,0.046217045,2.86734128,-23.3,0.0003
2022-05-27,22,17.58214751,1.716352485,-0.62793384,12,0,7,0.048676219,4.480486393,-19.5,0.0006
2022-05-28,2,17.58214751,2.009388286,-0.613979754,6,0,1,0.086148772,3.607288599,-20.9,0.0025
2022-05-29,15,18.75429067,2.218699566,0.013954085,2,0,2,0.053527071,2.867021561,-15.6,0.0034
2022-05-30,27,21.09857701,2.051250542,0.990740058,4,0,9,0.075154971,4.295955181,-13.5,0.0014
2022-05-31,18,16.41000434,1.214005428,0.516301157,13,0,1,0.068108216,4.535169125,-12.3,0.0027
2022-06-01,14,17.58214751,0.334898048,0.027908171,12,1,2,0.053645863,4.472730637,-11.4,0.0026
2022-06-02,13,14.065718,0.460484816,-0.376760304,16,0,1,0.061691469,3.323530436,-11.2,0.0021
2022-06-03,0,19.92643384,0.20931128,0.069770427,11,0,0,0.051790597,4.384643078,-11.8,0.0017
2022-06-04,0,19.92643384,0.041862256,0.376760303,9,0,0,0.047403415,4.191476822,-12,0.0116
2022-06-05,5,17.58214751,0.041862256,0.293035792,2,0,1,0.07444451,6.893659592,-13.4,0.0028
2022-06-06,11,12.89357484,0.167449024,-0.41862256,9,0,0,0.047992643,5.140514374,-19.1,0.0013
2022-06-07,3,23.44286334,-0.460484816,0.153494939,10,0,4,0.159139149,5.60420084,-16.2,0.0033
2022-06-08,35,21.09857701,-0.753520607,0.083724512,19,0,0,0.155879085,5.371935844,-20.9,0.0061
2022-06-09,9,18.75429067,-0.167449024,0.223265365,18,0,2,0.145033337,4.242238522,-15.6,0.0026
2022-06-10,8,22.27072017,-0.62793384,0.181403109,18,1,0,0.057146183,4.278968334,-15.9,0.0025
2022-06-11,3,21.09857701,-0.879107375,-0.20931128,3,0,2,0.058023752,6.661921024,-16,0.0005
2022-06-12,1,14.065718,1.67E-15,-0.837245119,1,0,2,0.074190654,5.197560787,-14.8,0.0005
2022-06-13,9,22.27072017,0.544209328,0.23721945,15,0,0,0.067893582,5.230703831,-18.3,0.0019
2022-06-14,11,14.065718,0.795382863,-0.20931128,11,0,1,0.062202471,9.076509476,-17.6,0.002
2022-06-15,11,15.23786117,0.920969631,-0.195357195,10,0,0,0.139739474,9.443434715,-13.7,0.0003
2022-06-16,5,9.377145337,1.800077006,-0.181403109,12,0,1,0.161355653,4.458758354,-18.9,0.0003
2022-06-17,2,11.72143167,1.590765727,-0.055816341,11,1,0,0.084006775,5.26967907,-11.1,0.0024
2022-06-18,1,14.065718,0.920969604,0.111632683,2,0,1,0.055593021,5.699278831,-13.4,0.0029
2022-06-19,3,8.20500217,1.632627983,0.404668474,5,0,0,0.087516673,6.874388695,-14.4,0
2022-06-20,3,17.58214751,-0.041862256,0.488392986,9,0,1,0.163838032,7.155425549,-16.6,0.0007
2022-06-21,2,11.72143167,-0.083724512,0.223265365,13,0,0,0.051237679,6.897304058,-14.2,0.0003
2022-06-22,8,11.72143167,-0.376760304,-0.265127621,14,0,2,0.077810876,4.76565361,-13.6,0.0006
2022-06-23,21,0.011721432,1.296474067,-0.8505015,12,0,1,0.056969617,5.07912302,-12.7,0.0003
2022-06-24,3,12.89357484,0.920132386,3.33E-16,9,0,0,0.163407122,6.580777645,-11.4,0
2022-06-25,0,10.5492885,0.501928449,0.139122231,5,0,0,0.076532818,8.844493866,-10.5,0
2022-06-26,2,9.377145337,0.920969631,0.725054273,6,0,0,0.06495137,4.410993576,-9.2,0
2022-06-27,0,12.89357484,-0.334479425,0.474020278,7,0,0,0.092604,5.550745964,-7.7,0
2022-06-28,4,14.065718,-1.045719154,0.237219447,6,0,0,0.090886431,5.713999748,-8.8,0.0018
2022-06-29,2,0.011721432,-0.167449024,-1.282380441,10,0,1,0.137999281,3.926813841,-7.9,0.0009
2022-06-30,1,7.032859002,1.213168178,-0.265127621,14,0,2,0.128358057,8.465237618,-9.4,0.0009
2022-07-01,1,0.011721432,1.75654026,-0.50206799,12,0,1,0.133001244,8.28815937,-8.8,0.0006
2022-07-02,1,10.5492885,1.045719154,0.432018482,7,0,4,0.170572064,4.872737408,-7.7,0.0005
2022-07-03,5,14.065718,0.125586768,1.268984519,3,0,1,0.1953163,6.45621109,-7.6,0.0011
2022-07-04,7,9.377145337,-0.627096578,0.766916527,7,0,2,0.243920642,4.832417965,-6.4,0.0018
2022-07-05,2,9.377145337,-1.672815748,-0.446251649,15,0,0,0.245278057,6.290707588,-5,0.001
2022-07-06,6,8.20500217,-0.752683362,-0.474438901,12,0,0,0.215262309,5.928740025,-7.6,0.0003
2022-07-07,2,7.032859002,-0.417366692,-0.864455586,10,0,0,0.509835839,7.324309349,-8.5,0
2022-07-08,14,0.011721432,1.673234371,-0.445833026,11,0,1,0.306460243,8.451813698,-16,0.0003
2022-07-09,1,15.23786117,0.627096594,0.767474693,8,0,5,0.125739313,7.419819355,-12.9,0
2022-07-10,0,9.377145337,-0.12600539,0.487974364,5,0,1,0.084744724,5.987586975,-14.8,0
2022-07-11,0,9.377145337,-0.376760304,0.320385799,10,1,2,0.084374267,5.532761097,-10.4,0.0007
2022-07-12,0,12.89357484,-1.004275521,0.194938572,8,0,3,0.140956745,7.677042007,-11.1,0.0006
2022-07-13,4,7.032859002,-0.710821106,-0.488392986,13,0,3,0.217696439,7.910282612,-11.9,0.0009
2022-07-14,4,8.20500217,-0.417366673,-0.752822903,12,0,10,0.542158812,6.309418201,-13.5,0.0015
2022-07-15,1,9.377145337,0.795382863,0.265127621,13,1,3,0.284302812,5.963839054,-11.4,0.001
2022-07-16,0,9.377145337,0.167449024,0.02790817,5,0,1,0.145012677,6.272408485,-13.1,0.001
2022-07-17,3,9.377145337,0.167449003,0.139540853,2,0,0,0.143605313,5.518667221,-11.9,0.0011
2022-07-18,1,0.011721432,1.170887299,-0.306292173,9,0,1,0.249887208,6.266304016,-12.8,0.0003
2022-07-19,18,10.5492885,0.208474035,-0.069770427,10,0,0,0.273585836,8.949988365,-16.9,0.0022
2022-07-20,0,0.011721432,1.128606421,-0.29275671,12,1,0,0.273812354,7.623701096,-14.2,0.0006
2022-07-21,2,8.20500217,0.752683362,0.334339884,11,0,0,0.111614947,3.39083004,-16.9,0
2022-07-22,0,0.011721432,1.08716279,0.0556768,10,0,3,0.125230744,3.883903027,-15.4,0.0016
2022-07-23,0,9.377145337,0.083724512,0.445972567,3,0,4,0.134116506,5.921252251,-17.5,0.0011
2022-07-24,0,12.89357484,-1.296474067,0.376620763,1,0,1,0.124799346,6.855994225,-14,0
2022-07-25,9,10.5492885,-0.961994642,0.627375676,13,0,1,0.075644964,4.354148865,-9.5,0.0007
2022-07-26,0,8.20500217,-1.505366725,-0.418343478,7,0,0,0.051952465,5.330200672,-8.7,0.0009
2022-07-27,8,0.011721432,0.250754913,-0.836547436,7,0,1,0.270222795,6.633315086,-11.8,0.0006
2022-07-28,7,0.011721432,0.836407874,-1.25447227,20,0,0,0.121974525,6.371379852,-11.1,0.0003
2022-07-29,1,9.377145337,1.296474067,0.348433522,11,0,0,0.075693781,5.771616936,-16.6,0.0016
2022-07-30,6,9.377145337,0.753101985,1.031625528,6,0,2,0.095340406,4.905983448,-8.7,0.0021
2022-07-31,2,14.065718,-0.794964241,1.129304125,1,0,6,0.079415832,5.693178009,-8.9,0.0006
2022-08-01,4,9.377145337,-1.463923091,0.264708999,5,0,3,0.077005319,5.594443798,-15.2,0.0007
2022-08-02,6,7.032859002,-1.588672606,-0.864455586,12,0,1,0.102038905,4.950276081,-11.3,0.0013
2022-08-03,2,0.011721432,0.167449024,-1.338196782,7,1,0,0.147524014,3.622488976,-10,0.0028
2022-08-04,2,7.032859002,1.171305922,-0.223265365,10,0,1,0.212497748,5.026075363,-9.8,0.0022
2022-08-05,2,9.377145337,0.836826494,0.446112108,11,0,1,0.090900537,4.235781193,-12.6,0
2022-08-06,0,0.011721432,1.505785347,0.335037589,1,0,1,0.104759092,3.001416922,-14.7,0.001
2022-08-07,0,0.011721432,1.170468677,-0.111353601,2,0,1,0.063150527,4.949593067,-16.6,0
2022-08-08,3,0.011721432,1.003019653,-0.278802625,6,0,0,0.190740205,4.390329838,-15.4,0.0004
2022-08-09,0,8.20500217,-0.041862256,0.153215857,8,0,1,0.067372153,5.183896542,-15.3,0.0006
2022-08-10,0,0.011721432,0.835989252,0.417924855,8,0,1,0.165761207,4.080702782,-11.9,0.0013
2022-08-11,1,8.20500217,-0.167030401,0.752543821,8,0,1,0.065794835,3.905218601,-10,0
2022-08-12,8,8.20500217,-1.463085846,0.097539056,8,0,2,0.13574343,3.935451508,-13.4,0.0014
2022-08-13,2,0.011721432,-0.585234341,-0.585234338,8,0,0,0.196107626,3.102526038,-8.7,0.0011
2022-08-14,0,8.20500217,-0.585234338,-0.195078113,4,0,0,0.232279271,6.03687191,-13.7,0.0006
2022-08-15,3,8.20500217,-0.292617169,0.292617169,8,0,0,0.11042666,4.067239285,-14.2,0.0012
2022-08-16,4,7.032859002,-0.75226474,-0.167309483,6,0,5,0.071784132,4.03850174,-17.3,0
2022-08-17,0,7.032859002,-0.083305889,0.222846743,8,0,2,0.062687799,3.104114532,-12.3,0.0003
2022-08-18,1,0.011721432,0.418203937,-0.445833026,13,0,1,0.325069368,7.961953163,-14.8,0.0006
2022-08-19,2,0.011721432,0.627096594,-0.877711964,3,0,1,0.27775568,7.109632015,-13.9,0.0007
2022-08-20,0,0.011721432,1.713840759,-0.097399516,4,1,0,0.302110805,5.668775558,-11.8,0.0011
2022-08-21,0,0.011721432,1.630116247,0.236940369,2,0,2,0.125419766,3.286708117,-14.5,0.0006
2022-08-22,2,8.20500217,0.375923071,0.905620127,8,0,6,0.205073396,4.044667721,-9,0.0014
2022-08-23,2,0.011721432,0.167030401,0.417924855,8,0,1,0.350174617,5.170670033,-9.8,0.0006
2022-08-24,7,8.20500217,-1.170468677,0.195078113,10,0,2,0.321264714,5.7039814,-11.6,0.0003
2022-08-25,3,0.011721432,-0.585234338,-0.390156226,15,1,0,0.210591118,4.092207432,-17,0.0022
2022-08-26,10,8.20500217,-0.877851508,-0.097539056,11,0,0,0.299195181,4.719523907,-14.5,0.003
2022-08-27,1,10.5492885,-1.129025049,0.23707991,3,0,0,0.075597167,4.443160057,-15.3,0.0005
2022-08-28,0,10.5492885,-1.003856898,0.529697088,8,0,0,0.05188413,3.242515087,-17.3,0
2022-08-29,3,0.011721432,-0.543790705,-0.766497907,10,0,1,0.055225633,3.015758038,-19.2,0.0004
2022-08-30,5,7.032859002,0.041862256,-0.265127621,5,1,1,0.070963375,3.601946115,-15.2,0.0003
2022-08-31,1,7.032859002,-0.292198547,-0.460205734,14,0,0,0.090512615,4.71953249,-20.7,0.0003
2022-09-01,2,9.377145337,0.251173536,0.418064396,16,0,0,0.218310816,4.350763798,-16.9,0.0009
2022-09-02,0,7.032859002,0.209729902,0.460066194,17,0,1,0.263494978,7.811973572,-15,0.0044
2022-09-03,5,0.011721432,0.543790705,-0.292338088,5,0,2,0.401163539,7.639471054,-15,0.0006
2022-09-04,1,0.011721432,0.501509826,-0.947482393,2,0,0,0.220947392,9.408928871,-21.2,0.0006
2022-09-05,1,0.011721432,1.588253991,-0.250894454,6,0,2,0.10417055,9.851677895,-17.6,0
2022-09-06,6,7.032859002,0.919713764,0.585094798,7,0,0,0.184972122,5.126652718,-17.5,0
2022-09-07,3,0.011721432,1.003438276,0.557465709,17,0,0,0.213412485,6.248730183,-16.3,0.0006
2022-09-08,3,0.011721432,0.501509826,0.167169942,11,0,1,0.073400067,8.475801468,-16.6,0.0012
2022-09-09,2,0.011721432,0,-0.334339884,5,0,1,0.366048753,5.791805267,-17.1,0.0007
2022-09-10,3,0.011721432,0.250754913,-0.250754913,10,0,0,0.357891632,8.128887177,-20.9,0.0005
2022-09-11,2,0.011721432,0.501509826,5.55E-16,1,0,4,0.298833221,8.71235466,-25.1,0.0006
2022-09-12,4,0.011721432,0.75226474,0.417924855,11,0,0,0.067448422,3.086562872,-21,0.0004
2022-09-13,1,0.011721432,-2.22E-16,4.44E-16,13,0,1,0.260064825,5.734019756,-16.2,0.0003
2022-09-14,5,0.011721432,-2.22E-16,4.44E-16,16,0,0,0.187081844,4.995995045,-19.4,0.0012
2022-09-15,4,7.032859002,-0.75226474,0.417924855,10,0,1,0.227295375,5.271132946,-23.3,0.0087
2022-09-16,8,0.011721432,-0.501509826,8.88E-16,8,0,2,0.066482897,5.424355507,-19.2,0.0013
2022-09-17,2,0.011721432,-0.250754913,-0.250754913,6,0,1,0.050888626,2.412585361,-18,0.0016
2022-09-18,2,8.20500217,-0.877851508,0.153355398,1,0,1,0.045055319,2.514814377,-22.6,0
2022-09-19,2,7.032859002,-1.086744165,0.167169942,7,0,1,0.045692795,3.213543415,-14.1,0.0011
2022-09-20,7,8.20500217,-1.170468677,0.195078113,9,1,0,0.061275061,4.424377918,-15,0.0058
2022-09-21,10,14.065718,-1.589509859,0.613561132,13,0,1,0.048739517,2.873519659,-13.3,0.0023
2022-09-22,19,9.377145337,-2.007295174,-0.362108514,9,1,1,0.073739426,2.850356102,-20.2,0.0059
2022-09-23,7,10.5492885,-1.463923091,-0.515603453,8,1,2,0.070915181,4.122372627,-19.2,0.0061
2022-09-24,0,9.377145337,-0.41862256,-0.251173536,5,0,1,0.134448132,2.998517513,-21.4,0.0037
2022-09-25,5,12.89357484,-0.586071584,-0.139540853,4,0,0,0.043143569,3.24288702,-22,0
2022-09-26,5,9.377145337,-0.041862256,-0.125586768,9,0,0,0.049218653,2.860200882,-20.8,0.0007
2022-09-27,15,8.20500217,0.544209328,0.041862256,9,0,0,0.171363804,4.770485878,-21.8,0.0056
2022-09-28,30,9.377145337,0.167449024,-0.167449024,13,0,2,0.059618271,4.067534447,-21.3,0.0026
2022-09-29,1,9.377145337,0.293035792,-0.013954085,7,0,0,0.05950573,2.999311924,-19.1,0.0009
2022-09-30,1,8.20500217,0.376760304,-0.013954085,16,0,0,0.041439714,4.300871849,-23.1,0.001
2022-10-01,7,7.032859002,0.669796095,0.111632683,3,0,0,0.093183335,3.267818928,-20.2,0
2022-10-02,7,8.20500217,0.251173536,-0.027908171,3,0,2,0.152700337,4.806157589,-21.6,0.0006
2022-10-03,6,11.72143167,-0.20931128,0.20931128,26,0,0,0.140864603,3.176832676,-18.4,0
2022-10-04,2,10.5492885,-0.293035792,0.265127621,24,0,1,0.123707873,4.659361362,-18,0.0017
2022-10-05,14,7.032859002,-0.083724512,-0.083724512,19,0,0,0.083566558,3.954764366,-15.2,0.0003
2022-10-06,3,12.89357484,-0.586071584,0.027908171,24,0,0,0.068596023,2.844219923,-17.5,0.002
2022-10-07,2,11.72143167,-0.669796095,-0.055816341,18,0,0,0.077003275,3.916044235,-15.9,0.0014
2022-10-08,2,0.011721432,0.794126996,-0.683052477,14,0,0,0.118851273,3.182416201,-20.8,0.0022
2022-10-09,0,12.89357484,0.459647571,0.181403109,4,0,0,0.118437118,3.454144478,-20.5,0.0006
2022-10-10,1,12.89357484,-0.209729907,0.376341681,16,0,0,0.417977542,8.313516617,-22.2,0.0007
2022-10-11,5,11.72143167,-0.54420933,0.236661287,10,0,0,0.211625598,8.741941452,-22.9,0.0006
2022-10-12,9,8.20500217,0.042280879,0.180984487,15,0,0,0.073493424,7.394908428,-22.5,0.0044
2022-10-13,2,0.011721432,0.711239729,-0.794685159,10,1,2,0.105239823,4.101502419,-21.3,0
2022-10-14,3,8.20500217,0.209729902,-0.82259333,16,0,3,0.074443411,5.153422356,-23.8,0.0014
2022-10-15,4,0.011721432,2.133300564,-0.041583174,8,0,0,0.088224032,4.809020042,-26.9,0
2022-10-16,2,18.75429067,0.208474035,1.297171772,9,0,0,0.08887444,5.054748535,-18,0.003
2022-10-17,4,16.41000434,-1.255867679,1.282938605,33,1,3,0.180226833,5.20865202,-21.6,0.001
2022-10-18,6,14.065718,-2.176000065,0.362248055,15,1,2,0.139449805,5.088541031,-20.4,0.0016
2022-10-19,1,15.23786117,-2.635647636,-0.571838411,24,1,0,0.181087441,4.851722717,-20.5,0.004
2022-10-20,2,9.377145337,-1.045719154,-0.907015546,17,0,0,0.083173965,3.906579733,-21.5,0.0028
2022-10-21,0,14.065718,-0.794126996,-0.962134183,19,0,1,0.053414868,4.296534061,-23.6,0.0043
2022-10-22,0,14.065718,0.837245119,0.390714389,10,0,0,0.042903518,4.277932644,-23.1,0
2022-10-23,1,10.5492885,0.669796095,0.111632683,5,0,1,0.042740455,3.549738884,-29.5,0.0006
2022-10-24,4,9.377145337,0.669796101,-0.111632683,20,0,2,0.038757102,3.938400507,-31.9,0.0061
2022-10-25,6,7.032859002,1.004694143,-0.223265365,34,0,1,0.041012993,3.821070671,-30.7,0.001
2022-10-26,7,11.72143167,0.41862256,-0.083724512,24,0,0,0.038919892,4.461027622,-28.2,0.0022
2022-10-27,7,7.032859002,1.046556399,0.181403109,18,0,4,0.040044632,4.876177788,-25.4,0.0013
2022-10-28,3,8.20500217,0.795382861,0.23721945,32,0,1,0.04310013,4.779142857,-29.6,0.0003
2022-10-29,0,0.011721432,1.212749555,-0.431878941,3,0,3,0.050726458,4.316425323,-29.5,0.0006
2022-10-30,3,0.011721432,1.63053487,-0.487695282,6,0,0,0.043391546,3.743137121,-31.1,0.0019
2022-10-31,1,10.5492885,0.710402484,0.404249852,36,0,0,0.038469312,4.720270634,-29.3,0.0018
2022-11-01,1,6.119153142,0.641687762,0.767926994,13,0,1,0.039201777,5.357253075,-31.4,0.0007
2022-11-02,2,10.01315969,-0.546670395,0.63690688,21,0,2,0.04090478,5.957816124,-31.5,0.0013
2022-11-03,1,6.675439791,-0.768629324,0.164433715,22,0,0,0.042787073,4.282108784,-31.1,0.0013
2022-11-04,0,6.675439791,-1.170802249,-0.627716079,15,0,0,0.038078306,5.593058586,-35.1,0.0038
2022-11-05,0,0.005562866,0.257495945,-0.932738048,4,0,1,0.041237626,5.510746479,-39.1,0.0025
2022-11-06,1,6.675439791,0.970944521,0.111381951,5,0,0,0.041335205,6.048171997,-39.5,0.0006
2022-11-07,1,6.119153142,0.476618454,0.171985289,26,0,1,0.04339168,5.865375042,-37,0.0007
2022-11-08,2,8.344299739,0.218541184,0.615623892,17,0,0,0.043941463,5.336186886,-34.6,0
2022-11-09,2,0.005562866,0.377082879,-0.138939213,9,0,2,0.042016178,4.654751301,-32.2,0.0037
2022-11-10,2,12.23830628,-0.655623551,0.298010705,26,0,1,0.078693777,3.673382521,-31.9,0.0003
2022-11-11,2,7.788013089,-1.012839049,-0.152184133,16,0,0,0.040658118,4.250415802,-31.6,0.0029
2022-11-12,2,0.005562866,0.456353726,-0.337679241,6,0,2,0.039860068,3.773914576,-30.7,0
2022-11-13,0,8.344299739,0.079270848,-0.000198674,9,0,0,0.040673287,5.037612438,-29.1,0.0054
2022-11-14,14,0.005562866,0.734695725,-0.311123176,20,0,5,0.040335838,4.848064423,-31.8,0.0003
2022-11-15,1,6.119153142,0.198872477,-0.211852499,18,0,4,0.04337499,5.790183067,-28.4,0.0095
2022-11-16,2,8.900586388,0.476817128,0.860522467,27,0,3,0.046870267,4.819314003,-29.5,0.0022
2022-11-17,2,0.005562866,0.277944651,-0.052913456,23,1,0,0.042582331,5.991381645,-32.4,0.0006
2022-11-18,4,0.005562866,0.277944651,-0.608802758,19,0,0,0.04259774,6.113145351,-31.4,0.0007
2022-11-19,3,8.344299739,0.21834251,0.350791712,8,0,2,0.040822836,5.458589077,-35.6,0
2022-11-20,7,0.005562866,0.158740369,-0.317679411,9,0,2,0.038352471,6.095968246,-36.3,0
2022-11-21,8,0.005562866,0.992574321,0.066092152,11,0,2,0.040421152,4.916574478,-38.4,0.0004
2022-11-22,21,8.344299739,0.059602141,0.628736363,27,0,0,0.046052121,4.234422684,-38.1,0.0122
2022-11-23,6,12.79459293,-1.668065253,0.463439758,25,0,0,0.03996952,4.681598186,-36.4,0.0099
2022-11-24,16,12.23830628,-1.926341197,0.430327452,17,0,4,0.041455952,5.257490158,-32.1,0.0051
2022-11-25,2,9.456873037,-1.449722743,0.20509759,17,0,0,0.038940282,4.766422749,-31.5,0.0054
2022-11-26,5,10.56944634,-1.946009903,-0.714894569,6,0,2,0.041585051,6.089436531,-35.3,0.0047
2022-11-27,5,12.23830628,-1.350385841,-0.648669968,9,0,0,0.037169488,7.448756695,-37.5,0.0033
2022-11-28,3,11.68201963,-0.258275944,-0.072847061,19,0,0,0.038363828,7.897230625,-36.7,0.0036
2022-11-29,5,14.46345288,-0.238408564,0.344367929,25,1,0,0.044018527,6.450666428,-45,0.0104
2022-11-30,7,9.456873037,-0.099336902,-0.086091981,25,0,1,0.042000045,3.632389545,-45.6,0.0013
2022-12-01,4,10.01315969,-0.059602141,-0.350990382,21,0,2,0.044047732,5.456756115,-40.9,0.001
2022-12-02,12,7.788013089,0.536419269,-0.350990386,28,0,1,0.042926298,4.558292389,-42.6,0.0014
2022-12-03,2,6.675439791,1.033103777,-0.198673803,7,0,0,0.043100821,6.437265396,-44.4,0.0017
2022-12-04,1,7.23172644,1.092705919,0.033112301,7,0,4,0.042187074,7.44410038,-46.3,0.0032
2022-12-05,8,23.36403927,-0.675490931,1.284757262,9,1,3,0.089685206,5.025296688,-42.4,0.0121
2022-12-06,3,17.80117278,-1.82779899,0.768205373,18,0,2,0.042266575,4.627156734,-41.7,0.0013
2022-12-07,3,11.12573298,-1.430451384,-0.158939043,20,0,5,0.043910573,5.962971687,-41.3,0.0032
2022-12-08,1,8.900586388,-0.814562594,-1.013236397,13,0,4,0.042579867,5.250760078,-41.5,0.002
2022-12-09,2,6.675439791,0.317878085,-1.284757261,21,0,1,0.049201937,8.035313606,-39.5,0.0021
2022-12-10,1,11.12573298,1.092705918,-0.390725146,2,0,4,0.043224664,7.269759655,-37.6,0.0022
2022-12-11,2,10.01315969,2.066207554,0.927144416,9,0,2,0.048680509,3.941582441,-37,0.0019
2022-12-12,2,12.23830628,0.5960214,0.754960453,16,0,2,0.045216578,5.246828079,-36.7,0.0004
2022-12-13,5,10.01315969,-0.238408564,0.132449202,15,0,1,0.041589435,3.799396992,-33.1,0.0046
2022-12-14,2,13.35087958,-0.754960453,0.01324492,25,0,0,0.04398454,3.928719997,-28.6,0.0042
2022-12-15,0,14.46345288,-0.993369016,-0.039734761,10,0,1,0.042372727,6.623800278,-34.1,0.0032
2022-12-16,6,15.57602618,-0.83442997,0.198673803,21,0,4,0.042402586,5.760169506,-35.8,0.0024
2022-12-17,1,18.35745942,-1.291379721,0.178806429,5,0,0,0.040391886,3.934873104,-40.1,0.0065
2022-12-18,1,9.456873037,-0.377480226,-0.430459912,5,0,1,0.039713116,3.715557337,-43.5,0.0012
2022-12-19,6,7.23172644,0.437082367,-0.887409651,7,0,3,0.042121497,3.404716969,-46.2,0.0019
2022-12-20,0,9.456873037,1.152308059,-0.410592527,14,0,2,0.041235859,3.787948608,-49.8,0.001
2022-12-21,3,6.119153142,1.728462089,-0.139071662,21,0,1,0.041087561,3.219335079,-50.8,0.0051
2022-12-22,1,0.005562866,2.542428661,-0.092383319,20,0,1,0.055249127,4.90325737,-47.1,0.0045
2022-12-23,1,7.23172644,1.906871164,0.59602141,13,0,1,0.044977648,4.864089489,-45.3,0.0008
2022-12-24,0,7.23172644,0.575955356,0.364036632,6,0,0,0.041255835,5.133888721,-47,0.0012
2022-12-25,0,0.005562866,0.893436093,-0.046290996,5,0,0,0.039826581,5.042010307,-47.6,0.0008
2022-12-26,3,0.005562866,1.191248125,-0.039602311,6,0,0,0.039813822,5.181819916,-45.2,0.0005
2022-12-27,0,0.005562866,0.9131048,-0.238276115,12,0,2,0.039146753,7.23426199,-42.4,0.0004
2022-12-28,5,7.23172644,0,0.172051514,22,0,3,0.039668505,4.371059895,-42.7,0.0012
2022-12-29,2,0.005562866,0.774231811,0.430128784,13,0,3,0.038807264,4.870545387,-38.7,0.0012
2022-12-30,0,6.675439791,-0.198475129,0.569067997,16,0,1,0.040167155,7.807873249,-36.8,0.0012
2022-12-31,1,0.005562866,-0.476419788,-0.344103027,3,0,1,0.040313671,6.698212624,-33.7,0.0012
2023-01-01,2,0.005562866,0.01986738,-0.496287161,3,0,0,0.047414904,3.733554363,-35.8,0
2023-01-02,2,0.005562866,0.516154541,-0.317613187,8,0,0,0.045393341,4.767352581,-38,0.0005
2023-01-03,0,0.005562866,1.012441688,0.191918894,15,0,2,0.128788996,4.076692104,-40.3,0.0004
2023-01-04,1,10.01315969,-0.595822736,0.595690289,22,1,2,0.048327575,5.329620838,-40.6,0.0021
2023-01-05,0,7.788013089,-0.834032626,0.860257568,20,0,15,0.049319385,4.059338093,-40.1,0.0031
2023-01-06,1,8.344299739,-1.806739567,0.138939213,17,0,6,0.046766376,5.454087734,-41.3,0.0087
2023-01-07,0,0.005562866,-0.873568713,-0.754496893,9,0,6,0.044294861,6.339274406,-43.5,0.0011
2023-01-08,0,0.005562866,0.059602141,-1.025819071,9,0,4,0.046136217,6.287304401,-41.2,0
2023-01-09,3,6.119153142,0.337745466,-0.311123176,21,1,6,0.040735746,7.338917255,-37.7,0.0004
2023-01-10,4,0.005562866,1.48925883,0.297878256,21,0,1,0.042125264,8.266734123,-39.9,0.0026
2023-01-11,0,7.788013089,0.377281552,0.708139644,30,0,2,0.040880939,5.619476795,-39.1,0.0022
2023-01-12,0,12.79459293,-1.03270643,0.966481817,35,0,6,0.050051615,5.471351147,-40.5,0.0026
2023-01-13,0,6.675439791,-1.687733959,-0.099270677,14,0,5,0.047675053,5.651555538,-37,0.0013
2023-01-14,1,11.12573298,-1.687932633,-0.165429054,0,0,8,0.073564693,7.624994278,-41.3,0.0005
2023-01-15,0,10.01315969,-1.171778084,-0.165561503,4,1,18,0.044769144,6.546737194,-42.8,0.0006
2023-01-16,2,0.005562866,-0.099336902,-1.171513193,16,0,10,0.040173531,5.575220108,-43.5,0.0004
2023-01-17,1,10.56944634,0.496287161,-0.033112301,25,0,10,0.045493034,7.230648518,-43.2,0.0007
2023-01-18,2,7.788013089,0.655424877,0.350791712,12,0,2,0.042887477,5.643990517,-40.3,0.0023
2023-01-19,0,9.456873037,-0.079469521,0.224898745,10,0,2,0.047600103,5.154977322,-39.6,0.0019
2023-01-20,1,10.01315969,-0.119005608,0.476618454,21,0,3,0.045027258,4.833293438,-36.6,0
2023-01-21,2,7.788013089,-0.43668502,-0.02648984,7,0,0,0.054315418,5.596964836,-34.9,0
2023-01-22,1,7.788013089,-0.71462967,-0.622180121,10,0,4,0.046291018,3.233440161,-37,0.0023
2023-01-23,0,0.005562866,1.191446798,-0.463241085,17,0,5,0.047854348,6.224111557,-39.8,0
2023-01-24,1,7.23172644,0.814165246,-0.112581822,29,0,0,0.043796875,5.087947369,-42.4,0.0003
2023-01-25,3,7.23172644,0.715027018,0.344169252,23,0,4,0.045031503,6.039698601,-43.1,0
2023-01-26,0,6.675439791,0.417214987,0.456684849,15,0,2,0.048896874,4.485980511,-46.7,0.007
2023-01-27,1,7.23172644,-0.119005608,0.291189571,24,0,2,0.043686524,4.911100388,-47,0.0021
2023-01-28,0,0.005562866,0.337546792,-0.377149103,5,0,1,0.047333792,3.839540243,-43.7,0.0005
2023-01-29,2,7.23172644,-0.25807727,-0.403638944,4,1,6,0.044515667,3.394966364,-46.6,0.0006
2023-01-30,0,5.562866492,0.417016313,0.178607749,18,0,1,0.043716006,4.940189362,-46.5,0
2023-01-31,10,0.005562866,0.85370133,-0.086025757,15,0,2,0.043561293,3.372055531,-45.4,0.0022
2023-02-01,3,0.005562866,1.032309082,-0.145561673,20,0,5,0.045009947,3.484678984,-46.3,0.0009
2023-02-02,2,20.58260602,-1.172374113,1.132242007,35,0,8,0.049373852,4.470025539,-47.2,0.0034
2023-02-03,1,17.24488613,-2.602229476,0.827675065,32,0,10,0.0388496,3.450274229,-44.8,0.004
2023-02-04,0,13.90716623,-2.284550064,0.522710776,8,0,4,0.04154353,4.478040695,-46.2,0.0005
2023-02-05,0,12.79459293,-2.383489618,-0.503505642,7,0,3,0.039514569,3.217241764,-47.1,0.0006
2023-02-06,0,11.12573298,-1.866540382,-1.3903855,22,0,9,0.042807454,4.846011639,-47,0.0021
2023-02-07,0,11.12573298,-0.357016825,-1.07250743,26,0,1,0.044149121,4.601077557,-45.8,0.0052
2023-02-08,2,13.35087958,1.311247107,0.516551889,32,0,0,0.045111896,4.271147728,-46.1,0.0006
2023-02-09,2,25.58918587,-0.794695213,1.165552979,31,0,3,0.045063853,3.363300562,-43.9,0.0019
2023-02-10,2,33.37719895,-3.079443951,1.410583999,37,0,6,0.042235346,4.858237267,-44.2,0.0003
2023-02-11,0,25.03289922,-3.417189417,0.30463316,13,0,10,0.049557347,3.625681639,-43.9,0.0021
2023-02-12,0,12.23830628,-1.827798971,-1.496675985,9,0,3,0.046344418,4.560471535,-44.5,0.0083
2023-02-13,3,9.456873037,0.278143325,-2.17216694,20,0,1,0.052598777,4.021925926,-42.9,0.0021
2023-02-14,2,12.79459293,1.966870653,-1.264889883,20,0,2,0.047429491,3.873381853,-41.9,0.0025
2023-02-15,2,18.91374607,2.741698486,0.834429974,24,0,2,0.044458562,2.651163816,-41.8,0.001
2023-02-16,7,21.69517932,1.668859948,1.933758352,29,0,2,0.049409142,2.790046453,-46.6,0.0051
2023-02-17,4,0.005562866,1.668263926,-0.132118079,30,1,7,0.045889205,2.110618114,-47,0.0013
2023-02-18,2,10.56944634,0.536021921,-0.774827836,12,0,0,0.044782005,2.99274087,-48.8,0.0037
2023-02-19,1,16.13231283,0.119005608,-0.185627557,6,0,1,0.050255672,3.695239544,-47,0.0006
2023-02-20,1,13.90716623,0.476817128,0.436817469,15,0,0,0.042833222,4.085898399,-46.5,0
2023-02-21,6,6.675439791,1.291578395,0.443506154,23,0,14,0.041254852,3.428562641,-49.3,0.0057
2023-02-22,6,11.68201963,0.477214476,0.344367926,25,1,5,0.043526368,3.316990614,-49,0.0026
2023-02-23,2,17.80117278,-1.648396546,-0.416883864,48,0,2,0.044584261,5.84827274,-46,0.0016
2023-02-24,2,35.60234555,-2.721831105,1.516543365,38,0,4,0.049010988,3.221820593,-44.9,0.0034
2023-02-25,3,50.62208508,-5.642336014,2.543024682,20,0,2,0.043878296,3.171581984,-44.6,0.0032
2023-02-26,4,29.48319241,-5.662203394,0.046357221,17,0,8,0.045404544,3.012988329,-43.6,0.0012
2023-02-27,6,21.69517932,-4.052945587,-2.450310241,24,0,4,0.046391707,2.934060812,-45.3,0.0043
2023-02-28,1,23.36403927,-1.311247108,-2.648984044,28,0,6,0.045171514,2.737366676,-44.1,0.0009
2023-03-01,2,18.91374607,1.78806423,-1.80130915,38,0,1,0.047059663,2.538091898,-44.6,0.0031
2023-03-02,6,19.47003272,4.21188463,0.357612846,30,0,2,0.045769127,2.962504148,-41.4,0.0032
2023-03-03,1,10.01315969,5.165518886,1.046348697,27,0,2,0.045331956,3.220707178,-36.5,0.0003
2023-03-04,0,0.005562866,4.131819084,-0.675159808,16,0,1,0.045759967,3.762971482,-39,0.0027
2023-03-05,2,0.005562866,4.310228163,-0.668537348,7,0,0,0.138437216,2.505589724,-40.1,0.0012
2023-03-06,4,13.90716623,3.058980549,1.046150034,24,0,2,0.052853705,2.686257124,-40.3,0.0003
2023-03-07,5,10.01315969,1.708396035,1.363763209,29,0,1,0.045303121,3.216275692,-39.3,0.0009
2023-03-08,1,15.01973953,-0.019668707,1.555814554,16,0,2,0.048816567,4.171906471,-37.4,0.0051
2023-03-09,0,12.23830628,-1.668263926,0.304434491,18,0,3,0.046180895,2.428147554,-34.9,0.0019
2023-03-10,2,8.900586388,-1.866540382,-0.979792973,17,0,1,0.047241142,2.779710293,-35.1,0.0019
2023-03-11,2,0.005562866,0.278143325,-1.509258659,8,0,4,0.056130935,2.295164108,-37.7,0.0005
2023-03-12,2,0.005562866,2.422827031,-0.608935214,4,0,3,0.045966862,2.238408566,-35,0.0006
2023-03-13,3,9.456873037,1.568927025,0.297812031,29,0,0,0.046965441,2.443277359,-36.9,0.008
2023-03-14,3,22.25146597,-0.258474618,1.900182479,20,0,13,0.045716772,2.478014231,-38,0.0053
2023-03-15,1,11.68201963,-1.231578907,1.085619886,18,0,9,0.050426102,2.332655668,-36.6,0.0006
2023-03-16,2,43.94664529,-5.383464048,1.900447378,23,0,3,0.048378935,2.256226301,-39.8,0.0025
2023-03-17,4,28.37061911,-6.257231435,-0.125495619,27,0,13,0.047698258,1.884485602,-34,0.0057
2023-03-18,4,46.17179189,-7.072191376,-0.17185284,8,0,9,0.047759535,2.045228004,-33.1,0.001
2023-03-19,3,27.25804581,-4.21188463,-1.337736942,6,0,3,0.052487936,2.865276575,-37.4,0.0012
2023-03-20,2,17.24488613,-0.655623551,-2.218524137,13,0,8,0.048569676,2.415669203,-36.9,0.0048
2023-03-21,11,40.60892539,-1.152308059,-1.072838538,25,0,3,0.048351729,3.222154379,-37.4,0.0028
2023-03-22,3,50.06579843,-0.496684508,2.033095254,18,0,3,0.051263794,1.926361918,-35.3,0.0028
2023-03-23,0,21.69517932,-0.039734761,-0.264898404,16,0,3,0.050887443,2.059636831,-34,0
2023-03-24,5,37.2712055,0.178806423,0.62913371,13,0,1,0.050024225,2.433428526,-34.9,0.0017
2023-03-25,0,21.69517932,-0.158939043,-1.695349788,7,0,5,0.050709962,1.999658227,-36.9,0.0043
2023-03-26,1,35.0460589,-0.099336902,-1.039726237,3,0,8,0.047774551,2.397890918,-36.2,0.0069
2023-03-27,5,22.25146597,3.03970919,0.417214987,8,0,9,0.051619476,2.465116345,-35.9,0.005
2023-03-28,4,15.57602618,3.735067502,0.291388245,22,0,2,0.051627161,2.001409292,-33.9,0.0062
2023-03-29,3,12.23830628,2.543024682,-1.21853265,8,0,5,0.054918849,2.120465994,-31.1,0.013
2023-03-30,2,14.46345288,3.814537023,0.211918724,19,0,1,0.049170541,1.911720514,-29.6,0.004
2023-03-31,4,17.80117278,2.245013977,0.377480226,19,0,3,0.054222276,2.373526335,-34.6,0.0015
2023-04-01,1,10.01315969,3.03970919,1.026481317,7,0,4,0.048403076,2.094258785,-32.6,0.0016
2023-04-02,0,0.005562866,2.582163421,-0.43675125,8,0,1,0.045040106,2.320233107,-32.8,0.0045
2023-04-03,4,11.68201963,1.449921416,-0.099336902,12,0,2,0.047017945,2.050742149,-32.5,0.005
2023-04-04,5,31.15205236,-1.192241494,1.469987471,13,0,5,0.051730931,1.817058444,-33.3,0.0136
2023-04-05,2,55.62866492,-5.42379483,3.397057092,18,0,7,0.048038381,2.042641163,-32.1,0.0057
2023-04-06,1,42.83407199,-7.052721343,1.940182138,28,0,10,0.050420361,2.490417957,-30.9,0.0035
2023-04-07,0,28.37061911,-6.595572922,-1.602635347,14,0,4,0.055576889,2.560760736,-28.5,0.0019
2023-04-08,3,17.24488613,-3.456328169,-4.264533176,6,0,8,0.05327517,2.679733038,-29.2,0.0161
2023-04-09,1,22.80775262,0.774827833,-2.98672951,5,0,1,0.071225125,2.878036737,-28.4,0.0029
2023-04-10,1,17.24488613,4.748303899,-0.61588879,13,0,2,0.051367683,2.486142874,-28.5,0.005
2023-04-11,2,32.26462566,4.529762715,2.582759443,33,1,3,0.048635168,2.840290785,-28.9,0.0034
2023-04-12,7,26.70175916,1.450318764,1.821176531,30,0,1,0.056248313,2.958012342,-27.6,0.0028
2023-04-13,4,18.35745942,0.059602141,-0.00662246,24,0,6,0.048960717,3.062849522,-28.1,0.0092
2023-04-14,5,13.35087958,0.397347607,-1.284757261,19,0,2,0.049145566,2.739596844,-28.6,0.0045
2023-04-15,3,11.68201963,1.966870653,-1.026481343,12,0,3,0.049939951,2.330439329,-28.6,0.0046
2023-04-16,0,16.68859948,2.006605413,-0.284765785,7,0,1,0.051516986,2.37375474,-26.9,0
2023-04-17,6,9.456873037,3.397322036,0.774827833,24,0,2,0.046943896,3.068318367,-27.6,0.0028
2023-04-18,3,11.12573298,2.185411836,0.62251125,21,0,3,0.045278689,2.29418087,-28.1,0
2023-04-19,2,15.57602618,0.536419269,0.470194668,16,0,2,0.047361002,2.598529339,-27.7,0.0094
2023-04-20,1,10.56944634,0.218541184,-0.01986738,24,0,3,0.047669304,1.878615022,-24.3,0.004
2023-04-21,2,12.23830628,0.158939043,1.11E-16,12,0,4,0.051294445,2.148297548,-25.8,0.01
2023-04-22,1,7.788013089,0.774827833,-0.059602141,10,0,1,0.04811214,2.092485905,-22.7,0.0007
2023-04-23,0,12.79459293,7.77E-16,-0.172183963,11,0,1,0.059974025,2.797133446,-24.4,0.0069
2023-04-24,2,11.12573298,0.298010705,0.086091981,9,0,3,0.0492141,2.145745039,-24.8,0.001
2023-04-25,3,14.46345288,0.059602141,0.523174349,16,0,3,0.046630915,2.003482342,-27.3,0.001
2023-04-26,1,9.456873037,-0.158939043,-0.092714442,18,0,2,0.056115689,1.968261361,-26.4,0.0045
2023-04-27,0,0.005562866,1.131844657,-0.774496715,15,0,0,0.051090369,2.395765305,-27,0.0009
2023-04-28,1,8.344299739,0.913502148,-0.463572212,12,1,1,0.056289063,2.422799826,-26,0.0005
2023-04-29,2,6.675439791,1.370650569,0.191852669,9,0,1,0.088118079,2.964226007,-23.3,0.0047
2023-04-30,3,10.01315969,0.715225692,0.622246352,5,1,1,0.123622127,4.617903709,-17.3,0
2023-05-01,1,8.835232802,0.325078929,0.750871684,10,0,1,0.052327467,2.305531502,-21.2,0.0049
2023-05-02,3,4.633109884,-0.173461084,-0.134812177,9,1,1,0.050332082,2.782106161,-25.2,0.0004
2023-05-03,1,9.481713251,-0.827352292,-0.466050911,12,0,3,0.176774003,5.069932938,-27.5,0.0014
2023-05-04,0,6.788044714,0.158438141,-0.043071639,15,0,3,0.220979298,7.330145359,-24.7,0
2023-05-05,4,9.37396651,-0.081851095,0.080520879,13,0,1,0.638584225,9.331276894,-22.1,0.0004
2023-05-06,0,5.710577299,0.345548033,0.076528192,3,0,1,0.377306239,11.36654377,-23.2,0.0008
2023-05-07,0,0.001077467,0.873402788,-0.4706865,4,0,0,0.196716362,12.23301886,-21.5,0.0029
2023-05-08,0,6.788044714,0.484783376,-0.212928084,8,0,2,0.098653677,11.83484268,-25.3,0.0025
2023-05-09,2,7.111284939,0.588720499,0.380923212,13,0,6,0.14519339,9.139356613,-24.5,0.0011
2023-05-10,0,7.865512129,0.007696196,0.425804861,7,0,2,0.089068423,7.044305325,-20.2,0.0029
2023-05-11,0,4.956350109,0.065456145,0.275741869,18,0,2,0.19689554,5.195938587,-20.6,0.0009
2023-05-12,3,4.848603367,-0.300074675,-0.233451273,13,0,4,0.238410408,5.883951187,-20.4,0.0004
2023-05-13,1,0.001077467,0.215493483,-0.805406893,5,0,2,0.525982884,8.269001961,-22.1,0.0055
2023-05-14,1,0.001077467,1.342793766,-0.28597781,3,0,0,0.423676005,8.563753128,-19.2,0.0282
2023-05-15,2,6.895791456,0.761807943,0.425817688,7,0,1,0.57091578,10.06959438,-18.3,0.0027
2023-05-16,2,6.249311007,0.207758806,0.666913849,37,0,1,0.544583321,9.407780647,-16.1,0.0016
2023-05-17,0,0.001077467,0.184631738,0.04871692,27,0,1,0.546389043,7.504639149,-13.1,0.002
2023-05-18,0,6.46480449,-0.396315604,0.121817953,12,0,3,0.688813627,7.800600052,-12.3,0.0017
2023-05-19,0,7.111284939,-0.977262945,-0.120548081,12,0,1,0.647398552,11.14027023,-16.3,0.0005
2023-05-20,0,0.001077467,-0.023088587,-0.453998591,2,0,0,0.336115853,9.07770443,-21.4,0.0008
2023-05-21,0,0.001077467,0.93108577,-0.151332864,7,0,1,0.259723932,8.43102169,-18,0.0006
2023-05-22,0,0.001077467,0.900300991,-0.197510039,16,0,2,0.300456349,4.728341103,-18.5,0.0012
2023-05-23,3,8.404245836,-0.1847087,0.246252612,13,0,3,0.363373233,7.281006336,-19.1,0.0032
2023-05-24,0,0.001077467,0.600187831,0.384745656,15,0,3,0.11180108,7.563867569,-15.5,0.0045
2023-05-25,0,0.001077467,0.461694787,0.123113479,16,0,3,0.095290087,5.029520512,-20,0.0011
2023-05-26,2,0.001077467,0,-0.400150875,19,1,1,0.210717418,6.715202332,-19.9,0.0023
2023-05-27,0,0.001077467,0.300113156,-0.300113156,4,0,0,0.641299693,8.971414566,-22.2,0.0009
2023-05-28,1,7.003538197,-0.150037358,0.416813135,2,0,3,0.305350304,8.326827049,-18.3,0.0027
2023-05-29,0,5.279590333,-0.165391248,0.814385788,6,0,1,0.375950948,8.260241508,-22,0.0016
2023-05-30,0,9.912700217,-1.689084097,0.339889661,12,0,0,0.36922726,7.587580681,-26.1,0.0004
2023-05-31,0,8.188752353,-1.773742251,-0.034607227,14,0,1,0.395478924,6.162669659,-26.2,0.0005
2023-06-01,0,0.001077467,-0.688732564,-0.855432164,12,0,1,0.382311344,7.92118597,-22.3,0.001
2023-06-02,1,5.171843592,-0.157733533,-0.645133615,12,0,4,0.484076071,9.324736595,-20.2,0.0006
2023-06-03,0,0.001077467,1.111946372,-0.327062669,9,0,1,0.363269705,9.078676224,-18.5,0
2023-06-04,0,5.926070782,0.746454033,0.189788189,7,0,0,0.30962203,7.693540096,-15.3,0
2023-06-05,1,0.001077467,1.223579693,0.343750586,16,0,0,0.493307312,7.393622398,-14.3,0.0016
2023-06-06,1,6.033817524,0.203949189,0.450176148,8,0,1,0.397735327,7.769593716,-13.8,0.0022
2023-06-07,0,0.001077467,-0.061569567,-0.282142539,11,0,3,0.41864656,8.403167725,-12.7,0.0035
2023-06-08,0,0.001077467,0.550162558,-0.119278208,18,0,1,0.55642655,8.47700882,-13.2,0
2023-06-09,1,4.848603367,-0.096163967,0.001269872,6,0,0,0.500544438,12.51904392,-15.1,0.0015
2023-06-10,0,0.001077467,0.504023864,0.137223171,0,0,1,0.396776568,9.562178612,-17.3,0.0015
2023-06-11,0,0.001077467,0.257784079,-0.173125925,2,0,1,0.464434855,9.72426796,-22,0
2023-06-12,0,0.001077467,0.646365006,0.128257103,11,0,2,0.346645131,10.42320061,-18.4,0
2023-06-13,0,0.001077467,0.173125925,-0.173125925,6,0,0,0.718320251,10.85168406,-19.7,0
2023-06-14,0,5.171843592,-0.207758806,0.307783698,16,0,0,0.141245082,5.539675236,-20.4,0
2023-06-15,0,5.171843592,-0.403973319,0.596326904,6,0,1,0.182091049,5.63117981,-16.6,0.0004
2023-06-16,0,0.001077467,-0.554010656,-0.184670219,13,0,1,0.353727615,6.59462595,-17.4,0
2023-06-17,1,5.06409685,-0.727136581,-0.129526976,6,0,5,0.225947716,10.62279224,-17.4,0.0022
2023-06-18,0,6.895791456,-0.915693376,-0.020497535,0,0,2,0.279363375,7.104327202,-13,0
2023-06-19,0,0.001077467,-0.119291035,-0.36549234,12,0,4,0.148821464,4.781880379,-10.7,0
2023-06-20,0,5.387337075,0.100012065,0.141058442,9,0,3,0.493527039,7.065703869,-8.7,0.0012
2023-06-21,1,6.788044714,-0.377075114,0.202628009,6,0,0,0.38236507,5.900534153,-10,0
2023-06-22,0,0.001077467,-0.069265762,-0.4386062,7,0,1,0.793108014,10.18759632,-9.1,0
2023-06-23,1,0.001077467,0.792554246,-0.197510039,9,0,1,0.555043722,9.41601181,-12.2,0
2023-06-24,0,0.001077467,0.93108577,-0.105155689,6,0,0,0.406297624,8.83987236,-12.8,0
2023-06-25,0,0.001077467,0.627124516,-0.242391687,2,0,0,0.526465378,5.842120647,-12.1,0.0017
2023-06-26,1,0.001077467,1.061882618,0.320610691,8,0,5,0.402660211,9.283157349,-18.7,0.0043
2023-06-27,0,8.296499095,-0.161620112,0.897761243,13,0,0,0.204597756,7.123075962,-14.7,0.0015
2023-06-28,0,4.633109884,-1.088819304,0.275716215,24,0,0,0.657733222,8.048929214,-10.7,0.0013
2023-06-29,2,0.001077467,-0.627124516,-0.296265058,16,1,1,0.447110465,9.842039108,-15.2,0.0029
2023-06-30,0,0.001077467,-0.165429729,-0.560449807,12,0,1,0.323180771,8.295388222,-14.8,0.0007
2023-07-01,0,5.818324041,-0.32701136,-0.170573353,3,0,1,0.278382485,9.621160507,-12.4,0.0038
2023-07-02,0,7.650018646,-0.477087179,0.289864389,3,0,0,0.370338529,7.767148018,-10.5,0
2023-07-03,0,0.001077467,0.465542885,0.286016291,10,0,2,0.341275662,4.961393833,-8.5,0
2023-07-04,0,5.495083816,-0.365530821,0.05255219,9,0,4,0.549368938,7.592439651,-11.6,0.0012
2023-07-05,0,5.06409685,-0.727136581,-0.2706239,13,0,1,0.386846794,8.538537025,-11.7,0.0005
2023-07-06,0,0.001077467,0.130835329,-0.469390983,11,0,0,0.251323324,8.864830971,-7.8,0.003
2023-07-07,0,0.001077467,0.988807239,-0.096176794,11,0,2,0.310694933,7.967846394,-3.3,0.0006
2023-07-08,0,0.001077467,1.015743924,0.017983444,6,0,0,0.484534056,9.438572884,-8.2,0.0025
2023-07-09,0,0.001077467,0.573251146,-0.180822121,2,0,0,0.453792334,10.61887169,-9,0.0009
2023-07-10,0,0.001077467,0.950287779,0.327024187,14,0,0,0.396104089,8.59789753,-7.6,0.0008
2023-07-11,0,0.001077467,0.542466362,0.301370201,14,0,0,0.599274125,6.982353687,-11.1,0.0105
2023-07-12,0,0.001077467,-2.22E-16,3.33E-16,31,0,1,0.492802495,8.46446228,-8.6,0.0018
2023-07-13,0,0.001077467,-2.22E-16,3.33E-16,34,0,0,0.600537089,10.58635902,-7.9,0.0005
2023-07-14,1,0.001077467,-2.22E-16,3.33E-16,22,0,3,0.603131831,9.381744385,-13.4,0.0008
2023-07-15,0,0.001077467,-2.22E-16,3.33E-16,3,0,0,0.467195253,8.810493469,-13.2,0.0007
2023-07-16,0,0.001077467,-2.22E-16,3.33E-16,2,0,0,0.284106837,7.630554676,-13.1,0.0054
2023-07-17,1,0.001077467,-2.22E-16,3.33E-16,19,0,0,0.28284902,7.390311718,-11.5,0.0071
2023-07-18,0,0.001077467,-2.22E-16,3.33E-16,19,1,1,0.274840772,7.001695633,-11.4,0.0028
2023-07-19,0,0.001077467,-2.22E-16,3.33E-16,17,0,3,0.362161828,13.90959644,-11.1,0.0006
2023-07-20,0,0.001077467,-2.22E-16,3.33E-16,16,0,0,0.22425146,6.787638664,-10.2,0.0013
2023-07-21,0,0.001077467,-2.22E-16,3.33E-16,14,0,1,0.365329862,6.450043678,-7.8,0.002
2023-07-22,0,0.001077467,-2.22E-16,3.33E-16,7,0,0,0.410184452,7.209582329,-8.1,0.0008
2023-07-23,0,0.001077467,-2.22E-16,3.33E-16,5,0,0,0.366406037,8.11457634,-9.3,0
2023-07-24,3,6.141564265,-0.6579093,0.365505167,9,0,1,0.30725944,6.492253304,-7.4,0.0006
2023-07-25,0,0.001077467,-0.4386062,3.33E-16,11,0,1,0.482225204,4.959433556,-10.1,0.0012
2023-07-26,1,0.001077467,-0.2193031,-0.2193031,14,0,0,0.388793722,7.640798569,-10.4,0.0016
2023-07-27,0,0.001077467,0,-0.292404133,12,0,1,0.464965776,7.400631428,-12.3,0.0005
2023-07-28,0,0.001077467,0.2193031,-0.2193031,21,0,0,0.442118541,11.5593214,-5.8,0
2023-07-29,0,0.001077467,0.4386062,3.33E-16,7,1,0,0.499294871,7.255133629,-6.1,0
2023-07-30,0,0.001077467,0.6579093,0.365505167,4,0,1,0.517035448,7.259117603,-7.3,0
2023-07-31,0,0.001077467,-2.22E-16,3.33E-16,13,0,1,0.268372339,7.12963438,-8.1,0.0012
2023-08-01,0,6.895791456,-0.738719356,0.410399642,11,0,0,0.295411348,4.532307625,-9.3,0
2023-08-02,0,0.001077467,-0.492479571,0,17,0,0,0.365737426,4.729084969,-11.4,0.0018
2023-08-03,0,0.001077467,-0.246239785,-0.246239785,6,0,0,0.280765423,7.548280716,-7.5,0
2023-08-04,0,0.001077467,-2.22E-16,-0.328319714,6,0,0,0.278831989,7.360035896,-7.9,0.0021
2023-08-05,0,0.001077467,0.246239785,-0.246239785,4,0,0,0.20398957,6.747253895,-7.4,0.0008
2023-08-06,0,0.001077467,0.492479571,3.33E-16,7,1,5,0.360524728,5.731908321,-9.3,0
2023-08-07,0,0.001077467,0.738719356,0.410399642,8,0,0,0.394739538,7.943602085,-15.3,0.0013
2023-08-08,0,0.001077467,-2.22E-16,3.33E-16,9,0,0,0.350155671,6.415195465,-11.3,0
2023-08-09,0,0.001077467,-2.22E-16,3.33E-16,10,0,2,0.289395764,6.911503315,-11.7,0.0159
2023-08-10,0,0.001077467,-2.22E-16,3.33E-16,7,0,0,0.301210897,7.105175495,-11.9,0
2023-08-11,0,0.001077467,-2.22E-16,3.33E-16,5,0,0,0.199396407,4.817412853,-17.2,0.0008
2023-08-12,0,0.001077467,-2.22E-16,3.33E-16,6,0,0,0.302149206,4.468822956,-14.4,0
2023-08-13,0,0.001077467,-2.22E-16,3.33E-16,2,0,0,0.770583836,7.724498272,-13.2,0
2023-08-14,0,0.001077467,-2.22E-16,3.33E-16,14,0,0,0.474348515,10.03098202,-14.5,0.0006
2023-08-15,1,0.001077467,-2.22E-16,3.33E-16,7,0,0,0.473475142,7.460328102,-13.5,0.0034
2023-08-16,0,0.001077467,-2.22E-16,3.33E-16,8,0,2,0.366219867,8.530076981,-12.3,0
2023-08-17,0,0.001077467,-2.22E-16,3.33E-16,6,0,2,0.447304091,9.612537384,-15.4,0.0011
2023-08-18,0,0.001077467,-2.22E-16,3.33E-16,6,0,0,0.386018348,12.53840828,-13,0.0035
2023-08-19,0,0.001077467,-2.22E-16,3.33E-16,6,0,0,0.391353833,10.0855093,-13.5,0.0031
2023-08-20,0,0.001077467,-2.22E-16,3.33E-16,3,0,0,0.779317703,10.42596626,-16.6,0.0009
2023-08-21,0,0.001077467,-2.22E-16,3.33E-16,6,1,0,0.280028945,11.37855339,-10.9,0
2023-08-22,1,0.001077467,-2.22E-16,3.33E-16,15,0,0,0.329064299,8.199792862,-10.7,0.0011
2023-08-23,0,0.001077467,-2.22E-16,3.33E-16,13,0,0,0.221912972,6.264012337,-8.4,0.0011
2023-08-24,0,0.001077467,-2.22E-16,3.33E-16,10,0,1,0.278379866,5.546758175,-9,0
2023-08-25,1,0.001077467,-2.22E-16,3.33E-16,3,0,2,0.942861415,7.787597179,-8.3,0.0008
2023-08-26,0,0.001077467,-2.22E-16,3.33E-16,4,0,0,0.41363983,8.486566544,-8.9,0.0007
2023-08-27,0,0.001077467,-2.22E-16,3.33E-16,3,0,0,0.450601297,9.254700661,-7.4,0
2023-08-28,0,0.001077467,-2.22E-16,3.33E-16,10,0,1,0.471639945,7.433695793,-6.2,0
2023-08-29,0,0.001077467,-2.22E-16,3.33E-16,9,0,0,0.469115009,10.72725391,-10,0
2023-08-30,0,0.001077467,-2.22E-16,3.33E-16,10,0,0,0.216051511,9.141439438,-10.9,0.0005
2023-08-31,0,0.001077467,-2.22E-16,3.33E-16,11,0,0,0.183874049,8.498477936,-14.6,0.0005
2023-09-01,0,0.001077467,-2.22E-16,3.33E-16,8,0,1,0.351788719,8.00259304,-13.7,0
2023-09-02,1,0.001077467,-2.22E-16,3.33E-16,5,0,2,0.481363936,12.60699463,-15.4,0
2023-09-03,0,0.001077467,-2.22E-16,3.33E-16,3,0,0,0.436530753,13.63780212,-21.1,0
2023-09-04,0,0.001077467,-2.22E-16,3.33E-16,9,0,2,0.23611475,10.56459713,-17.1,0
2023-09-05,0,0.001077467,-2.22E-16,3.33E-16,12,0,1,0.179850444,3.138428211,-16.1,0.0008
2023-09-06,0,0.001077467,-2.22E-16,3.33E-16,13,0,0,0.092665386,4.240050316,-15,0
2023-09-07,2,0.001077467,-2.22E-16,3.33E-16,13,0,2,0.094436463,5.487117291,-16.9,0.001
2023-09-08,0,0.001077467,-2.22E-16,3.33E-16,14,0,2,0.186534646,3.851097584,-17.5,0.0011
2023-09-09,0,0.001077467,-2.22E-16,3.33E-16,7,0,1,0.29228632,5.983267784,-13.7,0.0021
2023-09-10,0,0.001077467,-2.22E-16,3.33E-16,3,0,0,0.381608329,6.943948269,-13.2,0
2023-09-11,0,0.001077467,-2.22E-16,3.33E-16,17,0,0,0.270349681,11.3335638,-13.3,0.0027
2023-09-12,0,0.001077467,-2.22E-16,3.33E-16,12,0,2,0.535346806,7.185385227,-17.4,0.0013
2023-09-13,1,0.001077467,-2.22E-16,3.33E-16,10,0,1,0.169392592,7.938070297,-19.4,0.0012
2023-09-14,0,0.001077467,-2.22E-16,3.33E-16,9,0,1,0.146454677,6.132964611,-17.7,0.0017
2023-09-15,0,0.001077467,-2.22E-16,3.33E-16,11,0,1,0.380882785,7.372066498,-20.2,0.0005
2023-09-16,1,0.001077467,-2.22E-16,3.33E-16,5,0,0,0.569909658,14.5283556,-18.5,0
2023-09-17,0,0.001077467,-2.22E-16,3.33E-16,3,0,0,0.305452451,13.98720932,-16,0.0006
2023-09-18,0,0.001077467,-2.22E-16,3.33E-16,5,0,1,0.22482366,13.73270798,-18.1,0.0022
2023-09-19,0,0.001077467,-2.22E-16,3.33E-16,11,0,3,0.176974974,11.22025967,-17.4,0.0006
2023-09-20,0,0.001077467,-2.22E-16,3.33E-16,10,0,1,0.35353753,11.06344604,-17.7,0.0031
2023-09-21,1,0.001077467,-2.22E-16,3.33E-16,17,0,0,0.350092808,5.748448849,-20.9,0
2023-09-22,0,0.001077467,-2.22E-16,3.33E-16,14,0,1,1.243974743,6.996045113,-23.4,0.0017
2023-09-23,1,0.001077467,-2.22E-16,3.33E-16,5,0,1,0.777960092,13.17040443,-21.8,0
2023-09-24,0,0.001077467,-2.22E-16,3.33E-16,1,0,1,0.304095328,11.17135429,-22.1,0
2023-09-25,0,0.001077467,-2.22E-16,3.33E-16,8,0,0,0.218691883,9.808709145,-21.9,0.0017
2023-09-26,0,0.001077467,-2.22E-16,3.33E-16,16,0,0,0.232247442,8.269363403,-16.1,0.0011
2023-09-27,1,0.001077467,-2.22E-16,3.33E-16,18,0,1,0.158887297,8.288310051,-16.7,0
2023-09-28,1,0.001077467,-2.22E-16,3.33E-16,16,0,0,0.1162677,6.249258995,-19.3,0
2023-09-29,1,0.001077467,-2.22E-16,3.33E-16,12,0,1,0.279248366,5.426621914,-22.3,0.0025
2023-09-30,0,0.001077467,-2.22E-16,3.33E-16,6,1,1,0.101991232,5.494210243,-25.1,0.0013
2023-10-01,0,0.001077467,-2.22E-16,3.33E-16,12,0,0,0.399348966,5.187842369,-20,0.0015
2023-10-02,0,0.001077467,-2.22E-16,3.33E-16,32,0,0,0.071654396,5.238336086,-21.3,0.0019
2023-10-03,11,0.001077467,-2.22E-16,3.33E-16,29,0,0,0.056742082,3.216760397,-20.6,0.0012
2023-10-04,1,0.001077467,-2.22E-16,3.33E-16,21,0,1,0.06881115,3.855974197,-23.5,0.0054
2023-10-05,1,5.926070782,-0.634820712,0.352678173,21,1,0,0.056456393,3.005803347,-21.4,0.0018
2023-10-06,1,0.001077467,-0.423213808,1.11E-16,18,0,1,0.051313382,3.075493168,-18.9,0.0029
2023-10-07,1,0.001077467,-0.211606904,-0.211606904,8,0,0,0.050773344,2.611689568,-16.8,0
2023-10-08,2,0.001077467,0,-0.282142539,3,0,2,0.049598446,2.870092154,-17.7,0.0022
2023-10-09,0,0.001077467,0.211606904,-0.211606904,15,0,1,0.055013506,3.026700497,-22.5,0.0009
2023-10-10,0,0.001077467,0.423213808,-2.22E-16,47,0,0,0.05139054,3.885416031,-20.3,0.0008
2023-10-11,2,0.001077467,0.634820712,0.352678173,34,0,2,0.047986793,3.25053072,-23.1,0.0015
2023-10-12,0,0.001077467,-2.22E-16,3.33E-16,23,2,0,0.052446706,3.476135969,-23.1,0.0083
2023-10-13,2,0.001077467,-2.22E-16,3.33E-16,16,1,2,0.044768798,2.91637063,-19.7,0.0082
2023-10-14,1,0.001077467,-2.22E-16,3.33E-16,5,0,0,0.048104337,3.719992161,-16.4,0.001
2023-10-15,1,0.001077467,-2.22E-16,3.33E-16,7,0,0,0.049763812,3.72543788,-20.1,0.0025
2023-10-16,1,0.001077467,-2.22E-16,3.33E-16,15,0,0,0.056148192,3.518894672,-19.6,0.0045
2023-10-17,1,5.171843592,-0.554010656,0.307783697,18,0,1,0.050462435,3.674323449,-23,0
2023-10-18,8,0.001077467,-0.369340437,1.11E-16,12,0,0,0.047108332,3.295205116,-22.3,0.0006
2023-10-19,3,0.001077467,-0.184670219,-0.184670219,21,0,5,0.0438535,4.439577103,-22.7,0.0006
2023-10-20,0,0.001077467,0,-0.246226958,30,1,2,0.052349236,3.716655016,-28.7,0.0009
2023-10-21,1,0.001077467,0.184670219,-0.184670219,10,0,1,0.051898662,4.524733543,-28.9,0.0034
2023-10-22,1,0.001077467,0.369340437,1.11E-16,6,0,0,0.049800752,3.640908241,-29.7,0.0035
2023-10-23,1,0.001077467,0.554010656,0.307783698,24,0,1,0.053578742,4.463083744,-37.2,0.0082
2023-10-24,0,10.77467415,-1.15431393,0.641285517,16,0,1,0.05084092,4.765342712,-25.9,0.0006
2023-10-25,1,7.326778422,-1.554439151,0.436053628,27,0,2,0.049878782,3.265179157,-29.1,0.0009
2023-10-26,15,0.001077467,-0.908035676,-0.38477131,22,0,0,0.058473574,5.042932034,-25.7,0
2023-10-27,0,0.001077467,-0.261632177,-0.774660601,23,0,0,0.052601865,4.461362839,-31.8,0.0023
2023-10-28,1,0.001077467,0.38477131,-0.733614213,4,0,6,0.049732829,4.33803606,-26.5,0
2023-10-29,0,0.001077467,1.031174797,-0.261632177,6,0,1,0.048178168,3.342666864,-27.3,0
2023-10-30,4,0.001077467,1.677578279,0.641285517,11,0,0,0.050217867,4.218553543,-25.5,0.0008
2023-10-31,1,0.001077467,0.784896536,0.436053628,20,0,1,0.050024944,4.595677853,-24,0.0024
2023-11-01,5,0.01,-0.000955986,0.000531103,8,0,0,0.051715559,4.567820072,-22.7,0
2023-11-02,2,0.01,-0.001593309,0.000531103,26,0,0,0.048351413,4.463686943,-21.1,0.0018
2023-11-03,9,0.01,-0.001911971,0.000212441,25,0,0,0.04643253,4.28076458,-22.3,0.002
2023-11-04,0,0.01,-0.001911971,-0.000212441,7,0,2,0.048096735,3.899362087,-25.3,0.001
2023-11-05,4,0.01,-0.001593309,-0.000531103,3,0,2,0.06042388,4.779702187,-25.8,0.0031
2023-11-06,6,0.01,-0.000955986,-0.000531103,20,0,0,0.04864659,4.662728786,-29.6,0.0045
2023-11-07,15,0.01,-1.03E-32,4.44E-16,18,0,0,0.049152333,4.869688988,-29.8,0.0041
2023-11-08,10,9,-0.963214286,0.535119049,22,0,1,0.051616853,6.666804314,-28.6,0.0107
2023-11-09,8,8,-1.498214286,0.475595238,12,0,0,0.043693682,8.073945999,-25.9,0.0029
2023-11-10,7,0.01,-0.891785714,-0.321071429,15,0,1,0.055312785,6.292595387,-27.8,0.002
2023-11-11,2,0.01,-0.285357143,-0.713452381,3,0,4,0.04990664,5.125994682,-29.1,0.0269
2023-11-12,1,0.01,0.321071429,-0.701547619,7,0,0,0.047887088,4.997717857,-27.6,0.0011
2023-11-13,1,0.01,0.9275,-0.285357143,10,0,3,0.049334111,5.607198238,-28.4,0.003
2023-11-14,17,0.01,1.533928571,0.535119053,17,0,1,0.048346168,5.288876534,-32,0.0011
2023-11-15,6,7,0.107142857,0.891666663,22,0,0,0.050943673,4.249512672,-31.7,0.0007
2023-11-16,1,7,-1.248214286,0.416071429,14,0,1,0.04751149,4.209151745,-28.2,0
2023-11-17,3,6,-1.390714286,0.106904762,15,0,3,0.048487092,5.466620445,-28.5,0.0016
2023-11-18,3,8,-1.533571429,-0.106904762,7,0,7,0.047385773,5.339343548,-31.9,0
2023-11-19,1,0.01,-0.535,-0.796428571,8,0,2,0.046333354,6.440711021,-36,0.0088
2023-11-20,12,9,-0.499642857,-0.285119048,19,0,0,0.048684103,5.56282711,-38.1,0.0104
2023-11-21,7,9,-0.143214286,0.356785714,11,0,0,0.048627539,5.702208519,-34.3,0.0005
2023-11-22,3,7,-0.25,0.225714286,18,0,6,0.047729662,4.283468246,-31.4,0.0187
2023-11-23,2,7,-0.356785714,0.023452381,13,1,1,0.051405144,6.001607895,-30.3,0.0029
2023-11-24,0,6,-0.213571429,-0.166666667,14,1,7,0.049796988,5.926113606,-28.4,0.0033
2023-11-25,0,0.01,0.285714286,-0.903571429,11,0,1,0.047547611,5.22041893,-26.8,0.0015
2023-11-26,0,0.01,1.641071429,-0.261309524,3,1,3,0.044032847,4.936156273,-31.4,0
2023-11-27,0,6,1.070357143,0.356785714,17,0,0,0.044536062,6.548060894,-38,0.0043
2023-11-28,1,0.01,1.034285714,0.202142857,33,0,4,0.052530203,4.988036156,-38.8,0.0004
2023-11-29,20,0.01,0.962857143,0.202142857,28,0,2,0.045216361,4.185734749,-35.6,0.0022
2023-11-30,1,0.01,0.641785714,0.071309524,14,1,1,0.047332456,5.475864887,-35,0
2023-12-01,3,0.01,0.213928571,-0.213928571,20,1,0,0.044812074,5.237686157,-33.8,0.0033
2023-12-02,0,0.01,0.427857143,3.33E-16,9,1,0,0.046096416,7.168688774,-33.6,0.0008
2023-12-03,1,0.01,0.641785714,0.356547619,9,0,1,0.049422147,5.14869833,-33.3,0.0007
2023-12-04,4,7,-0.748928571,0.416071429,14,0,1,0.052287402,5.512824059,-31.8,0.0045
2023-12-05,11,0.01,-0.499285714,3.33E-16,33,1,0,0.046677806,8.041941643,-31.4,0.0006
2023-12-06,1,0.01,-0.249642857,-0.249642857,24,0,1,0.052450149,8.400180817,-29.2,0.0005
2023-12-07,1,0.01,0,-0.332857143,27,0,0,0.044907013,6.50835371,-29.2,0.0005
2023-12-08,3,0.01,0.249642857,-0.249642857,18,0,2,0.046146804,6.878808022,-33.4,0
2023-12-09,1,0.01,0.499285714,1.11E-16,6,0,0,0.066812041,4.881914139,-37.3,0.0017
2023-12-10,0,0.01,0.748928571,0.416071429,5,0,2,0.043322237,6.065701008,-36,0
2023-12-11,1,0.01,-1.03E-32,4.44E-16,20,0,0,0.044411562,5.940755844,-37.1,0.0008
2023-12-12,0,0.01,-1.03E-32,4.44E-16,14,0,0,0.045701478,5.109280586,-34.1,0
2023-12-13,1,0.01,-1.03E-32,4.44E-16,25,0,0,0.044928839,4.920239925,-36.5,0.0009
2023-12-14,2,0.01,-1.03E-32,4.44E-16,18,0,1,0.046790524,5.475177288,-35.1,0.0006
2023-12-15,1,7,-0.748928571,0.416071429,12,0,1,0.049943188,5.67276144,-33.3,0.0237
2023-12-16,0,0.01,-0.499285714,3.33E-16,5,0,0,0.049784391,4.132368565,-37.9,0.0008
2023-12-17,0,0.01,-0.249642857,-0.249642857,5,0,0,0.041526684,5.311973572,-39.6,0.0007
2023-12-18,0,0.01,0,-0.332857143,16,0,1,0.04422427,3.99930644,-41.3,0
2023-12-19,2,0.01,0.249642857,-0.249642857,20,0,0,0.045185422,5.066611767,-39.3,0.0005
2023-12-20,1,5,-0.035357143,0.29702381,14,0,0,0.043404305,6.04821682,-37.4,0.0006
2023-12-21,1,0.01,0.3925,0.416071429,13,0,0,0.049867159,4.888044357,-35.8,0.0006
2023-12-22,0,0.01,-0.178214286,-0.178214286,10,0,0,0.046128827,8.548192978,-34.4,0
2023-12-23,0,0.01,0,-0.237619048,10,0,0,0.045765417,4.998527527,-32.9,0.0006
2023-12-24,0,0.01,0.178214286,-0.178214286,4,0,0,0.046217958,5.024327755,-32.5,0.0092
2023-12-25,0,0.01,0.356428571,0,4,0,0,0.05353944,4.8440938,-33.4,0.0015
2023-12-26,0,0.01,0.534642857,0.29702381,10,0,0,0.050356518,5.504845619,-34.3,0
2023-12-27,0,10,-1.070357143,0.594642857,16,0,0,0.051594976,5.757270336,-34,0
2023-12-28,0,0.01,-0.713571429,5.55E-16,13,0,0,0.052489136,7.369795322,-34.9,0
2023-12-29,0,0.01,-0.356785714,-0.356785714,6,0,0,0.043302828,5.175263882,-37.5,0
2023-12-30,0,0.01,0,-0.475714286,7,0,0,0.047331415,6.46452713,-31.1,0.0009
2023-12-31,0,0.01,0.356785714,-0.356785714,1,1,0,0.04474015,9.017050743,-37.9,0.0008
2024-01-01,0,0.01,0.713571429,4.44E-16,6,0,0,0.048268726,4.524669647,-36.5,0
2024-01-02,1,0.01,1.070357143,0.594642857,20,0,0,0.042773356,6.618841171,-38.7,0.0026
2024-01-03,1,8,-0.856071434,0.475595238,19,0,0,0.049197882,7.853385448,-42.8,0
2024-01-04,0,0.01,-0.570714286,3.33E-16,40,0,0,0.046130093,6.663155079,-45.4,0.0017
2024-01-05,3,5,-0.82,0.011666667,25,0,2,0.043901945,5.230365753,-40.7,0.005
2024-01-06,1,7,-1.105357143,0.035595238,10,0,1,0.046828462,7.302321434,-40.5,0.0007
2024-01-07,0,9,-1.355357143,0.071547619,6,0,0,0.05242897,5.604777336,-43.8,0
2024-01-08,1,5,-0.855714286,-0.190238095,19,0,1,0.047471281,7.325597763,-45.1,0.0014
2024-01-09,2,0.01,0.356785714,-0.356547619,25,0,0,0.046597669,5.454312801,-47.2,0.0034
2024-01-10,1,5,-0.106785714,-0.558928571,19,0,0,0.043865314,5.031202793,-46.6,0
2024-01-11,0,0.01,0.998571429,-0.261666667,24,0,0,0.049808855,4.881022453,-49.9,0.0005
2024-01-12,2,0.01,1.391071429,0.059642857,25,0,0,0.045122106,5.131829739,-50.2,0
2024-01-13,0,0.01,1.319642857,0.2975,7,0,1,0.047118577,5.989964008,-49.3,0.0007
2024-01-14,0,0.01,0.712857143,0.118809524,2,0,0,0.05015252,5.620834827,-48.9,0
2024-01-15,0,0.01,0.356428571,0,15,0,2,0.048496029,4.975510597,-44.1,0.0022
2024-01-16,0,0.01,0.534642857,0.29702381,9,0,0,0.043494818,4.37380743,-39.8,0
2024-01-17,0,0.01,-1.03E-32,4.44E-16,21,0,1,0.046535289,6.640451431,-35.9,0.0011
2024-01-18,1,0.01,-1.03E-32,4.44E-16,11,0,2,0.046110528,6.299803734,-38.2,0
2024-01-19,1,0.01,-1.03E-32,4.44E-16,16,0,1,0.04786818,6.023374081,-35.6,0
2024-01-20,1,0.01,-1.03E-32,4.44E-16,9,0,0,0.048199996,5.261016369,-36.3,0
2024-01-21,1,0.01,-1.03E-32,4.44E-16,4,0,0,0.045489696,4.079548836,-44,0.0023
2024-01-22,1,0.01,-1.03E-32,4.44E-16,17,0,1,0.048574893,4.603174686,-46.3,0.0092
2024-01-23,0,0.01,-1.03E-32,4.44E-16,18,0,0,0.047269177,3.711762428,-49.9,0.0075
2024-01-24,0,0.01,-1.03E-32,4.44E-16,8,0,0,0.044945134,6.517549038,-43.4,0.0008
2024-01-25,2,0.01,-1.03E-32,4.44E-16,17,0,1,0.051366607,5.611570358,-45.2,0
2024-01-26,1,0.01,-1.03E-32,4.44E-16,15,0,1,0.045936983,6.475125313,-49.6,0.0025
2024-01-27,3,0.01,-1.03E-32,4.44E-16,7,0,0,0.047153382,5.649129868,-51,0.0006
2024-01-28,3,0.01,-1.03E-32,4.44E-16,6,0,2,0.051823067,5.472389221,-45,0.0028
2024-01-29,1,0.01,-1.03E-32,4.44E-16,18,0,0,0.045871223,5.332536697,-42.9,0.0048
2024-01-30,3,0.01,-1.03E-32,4.44E-16,25,0,1,0.048345608,8.758845329,-40.1,0
2024-01-31,1,0.01,-1.03E-32,4.44E-16,30,0,2,0.047529159,5.277911663,-41.6,0.0005
2024-02-01,1,0.01,-1.03E-32,4.44E-16,15,0,4,0.046894442,4.967176437,-42.7,0
2024-02-02,3,6,-0.641785714,0.356547619,14,0,12,0.045704469,5.435446262,-41.6,0
2024-02-03,2,0.01,-0.427857143,5.55E-16,2,0,4,0.047049584,5.615330696,-45.7,0.0008
2024-02-04,1,0.01,-0.213928571,-0.213928571,3,0,0,0.046876469,4.935551167,-46.6,0.0007
2024-02-05,2,0.01,0,-0.285238095,17,0,2,0.051188596,4.936573505,-42.7,0.0021
2024-02-06,2,0.01,0.213928571,-0.213928571,18,0,0,0.05010928,4.624914169,-38.5,0.001
2024-02-07,11,0.01,0.427857143,3.33E-16,14,0,1,0.05142962,3.77918458,-40.5,0.0094
2024-02-08,2,6,0,0.713095238,13,0,2,0.048207524,5.084266186,-39.5,0.0005
2024-02-09,9,0.01,-0.427857143,5.55E-16,12,0,0,0.050549014,5.59537077,-37.5,0.0005
2024-02-10,0,0.01,-0.213928571,-0.213928571,6,0,0,0.045868801,7.415743351,-38.3,0.0026
2024-02-11,0,6,-0.641785714,0.071309524,4,0,1,0.047615813,5.389498711,-40.8,0.0026
2024-02-12,2,0.01,-0.213928571,-0.213928571,19,0,0,0.045950046,3.39728117,-41.2,0.0024
2024-02-13,3,0.01,0.213928571,-0.213928571,23,0,0,0.05122081,3.669517517,-39.3,0
2024-02-14,0,8,-0.214285714,0.546904762,22,0,1,0.052751556,3.638012171,-39,0.0005
2024-02-15,3,0.01,-0.356785714,-0.213928571,14,0,0,0.053279328,3.497704983,-40.4,0
2024-02-16,0,0.01,0.1425,-0.285357143,27,0,0,0.069663025,2.978337765,-40.4,0.0005
2024-02-17,1,0.01,0.641785714,-0.023928571,12,0,0,0.047456926,2.18736434,-41.1,0.0048
2024-02-18,1,0.01,0.285357143,-0.285357143,17,0,0,0.047114706,4.029092312,-44,0.0008
2024-02-19,1,0.01,0.570714286,1.11E-16,24,0,1,0.046289489,4.151757717,-46.2,0
2024-02-20,0,0.01,0.856071429,0.475595238,22,0,0,0.049679576,2.740873337,-47.4,0
2024-02-21,0,0.01,-1.03E-32,4.44E-16,18,0,1,0.051924964,4.348018169,-45.3,0.0005
2024-02-22,0,0.01,-1.03E-32,4.44E-16,25,0,0,0.051771413,3.700522423,-41.2,0
2024-02-23,1,0.01,-1.03E-32,4.44E-16,18,0,0,0.054863628,4.076329708,-43,0.0009
2024-02-24,0,0.01,-1.03E-32,4.44E-16,7,0,0,0.048887914,4.364795685,-41.5,0.0037
2024-02-25,1,0.01,-1.03E-32,4.44E-16,8,0,0,0.053645061,2.90730381,-41.3,0.0013
2024-02-26,0,0.01,-1.03E-32,4.44E-16,24,0,1,0.052423814,2.485994816,-41.2,0.0022
2024-02-27,0,0.01,-1.03E-32,4.44E-16,19,0,0,0.050339122,2.835904598,-40,0.0013
2024-02-28,2,0.01,-1.03E-32,4.44E-16,26,0,3,0.067734212,5.684542179,-41.7,0.0015
2024-02-29,1,0.01,-1.03E-32,4.44E-16,13,0,2,0.046706026,3.81242013,-43.8,0.0005
2024-03-01,0,0.01,-1.03E-32,4.44E-16,14,1,3,0.048547574,3.115006208,-42.7,0.0005
2024-03-02,1,0.01,-1.03E-32,4.44E-16,7,0,0,0.053628145,2.914621353,-42.8,0
2024-03-03,1,0.01,-1.03E-32,4.44E-16,3,0,0,0.048339302,2.631546974,-42.4,0
2024-03-04,0,0.01,-1.03E-32,4.44E-16,6,0,0,0.050857459,2.91450882,-41.2,0.0005
2024-03-05,2,0.01,-1.03E-32,4.44E-16,9,0,1,0.048520453,2.300874233,-40.3,0.001
2024-03-06,1,0.01,-1.03E-32,4.44E-16,14,0,2,0.050534228,2.819453716,-40.3,0
2024-03-07,0,6,-0.641785714,0.356547619,22,0,1,0.048408406,2.475170612,-43.5,0.0032
2024-03-08,0,5,-0.9625,0.29702381,12,0,3,0.048325205,2.08032012,-40.1,0.0006
2024-03-09,0,0.01,-0.570357143,-0.213928571,2,0,3,0.048020776,4.08147049,-37.8,0
2024-03-10,0,0.01,-0.178214286,-0.463452381,1,0,0,0.047712041,2.534978151,-35.1,0
2024-03-11,4,0.01,0.213928576,-0.451547619,12,0,0,0.049894823,2.698735237,-35.3,0.005
2024-03-12,2,0.01,0.606071429,-0.178214286,14,0,0,0.047319492,2.537754774,-35.1,0.0059
2024-03-13,3,0.01,0.998214282,0.356547619,9,0,0,0.049215759,2.557578802,-33.7,0
2024-03-14,2,0.01,0.534642857,0.29702381,16,0,0,0.048869602,2.199332237,-31.9,0.0018
2024-03-15,0,0.01,-1.03E-32,4.44E-16,8,0,0,0.046532501,2.166851409,-32.1,0.0019
2024-03-16,0,7,-0.748928571,0.416071429,9,0,0,0.046727555,2.124166548,-32.4,0.0007
2024-03-17,0,0.01,-0.499285714,3.33E-16,4,0,1,0.286589008,2.541927576,-34.3,0.0012
2024-03-18,2,0.01,-0.249642857,-0.249642857,13,0,0,0.05042638,2.816031694,-37.4,0
2024-03-19,0,0.01,0,-0.332857143,13,0,0,0.049675431,2.304485798,-39.6,0
2024-03-20,1,0.01,0.249642857,-0.249642857,14,0,0,0.050429234,2.338665009,-36.8,0.0005
2024-03-21,2,0.01,0.499285714,1.11E-16,10,0,0,0.051261126,2.035825729,-38,0.0005
2024-03-22,0,0.01,0.748928571,0.416071429,19,0,0,0.050137037,2.371420622,-37.9,0.006
2024-03-23,1,0.01,-1.03E-32,4.44E-16,2,0,0,0.051484663,2.387265205,-36.5,0
2024-03-24,0,0.01,-1.03E-32,4.44E-16,5,0,0,0.053637299,2.351147478,-35.6,0.0008
2024-03-25,0,0.01,-1.03E-32,4.44E-16,32,0,0,0.065205909,2.281632423,-32.5,0.0006
2024-03-26,1,9,-0.963214286,0.535119049,55,0,1,0.04976972,2.744535446,-28.6,0.0085
2024-03-27,1,0.01,-0.642142857,3.33E-16,24,0,1,0.056176553,2.430912495,-29.5,0.0017
2024-03-28,0,0.01,-0.321071429,-0.321071429,25,0,1,0.057045827,1.902272344,-28.6,0.0036
2024-03-29,0,0.01,0,-0.428095238,19,0,0,0.051908377,2.224391699,-34.8,0
2024-03-30,0,0.01,0.321071429,-0.321071429,7,0,1,0.053365719,2.086557214,-36.8,0.0087
2024-03-31,0,0.01,0.642142857,3.33E-16,2,0,10,0.055141915,2.176055379,-38,0.0027
